id,username,email,role,designationId,createdAt,updatedAt
2,Allison Chan,rachelgarcia1@mgcrew.com,employee,5.0,2023-06-14 19:04:33,2023-11-01 04:39:29
3,Scott Flores,morganmorris2@mgcrew.com,employee,7.0,2023-03-25 18:14:50,2023-06-25 00:15:11
4,Frank Trujillo,castillodavid3@mgcrew.com,employee,7.0,2022-10-14 09:55:19,2023-04-28 17:56:21
5,Dana Gonzalez,perezjoseph4@mgcrew.com,employee,5.0,2022-06-27 08:07:37,2022-08-23 06:22:07
6,Scott Holt,salasbrian5@mgcrew.com,employee,5.0,2023-02-03 17:27:47,2023-10-30 15:29:25
7,Brian Nichols,christianbowers6@mgcrew.com,employee,4.0,2023-03-07 01:20:08,2023-12-01 06:06:51
8,Kevin Butler,ucolon7@mgcrew.com,employee,5.0,2023-11-10 22:58:49,2024-05-13 13:47:13
9,Travis Adams,tracey848@mgcrew.com,employee,3.0,2022-04-30 23:25:07,2024-08-08 09:10:52
10,Morgan Ochoa,smithmorgan9@mgcrew.com,employee,6.0,2024-09-07 22:33:55,2024-09-20 09:38:54
11,Manuel Contreras,denisecervantes10@mgcrew.com,employee,5.0,2022-09-22 11:12:11,2023-02-13 14:38:17
12,Lee Edwards,kristinnguyen11@mgcrew.com,employee,8.0,2024-04-20 10:45:16,2024-08-14 04:54:51
13,Kathryn Casey,trivera12@mgcrew.com,employee,7.0,2023-10-06 00:43:43,2023-12-28 20:15:32
14,Jason Bowen,dyerpamela13@mgcrew.com,employee,6.0,2022-11-30 16:01:56,2023-04-12 21:44:49
15,Abigail Brown,qmclaughlin14@mgcrew.com,employee,1.0,2023-11-03 06:40:18,2024-05-14 03:04:53
16,Gregory Mcdonald,karihampton15@mgcrew.com,employee,8.0,2023-10-20 17:59:13,2024-02-07 12:38:04
17,Wendy Cole,gcohen16@mgcrew.com,employee,5.0,2023-11-14 12:14:48,2024-04-22 02:18:02
18,Susan Jackson,harrismichele17@mgcrew.com,employee,5.0,2024-06-04 09:12:34,2024-08-23 20:08:16
19,Christopher Johnson,christinereyes18@mgcrew.com,employee,4.0,2024-04-25 15:11:50,2024-08-06 11:52:20
20,Abigail Savage,dmueller19@mgcrew.com,employee,5.0,2022-08-06 19:03:01,2024-09-04 07:05:22
21,Dawn Cook,brianhale20@mgcrew.com,employee,7.0,2024-05-15 05:49:17,2024-07-08 01:22:33
22,Jessica Howard,brandonpacheco21@mgcrew.com,employee,3.0,2023-08-24 17:08:52,2024-08-30 16:50:48
23,Tyler Palmer,charles5522@mgcrew.com,employee,5.0,2024-08-19 19:38:51,2024-09-03 19:05:33
24,Lacey Cochran,williamlee23@mgcrew.com,employee,4.0,2024-06-11 05:18:52,2024-08-15 16:51:10
25,Zachary Green,patriciajohnson24@mgcrew.com,employee,2.0,2023-10-28 06:19:33,2024-04-30 09:23:58
26,Rebecca Brown,jackiewelch25@mgcrew.com,employee,6.0,2023-11-02 07:43:13,2023-11-21 05:05:25
27,David Watson,rodriguezjoseph26@mgcrew.com,employee,7.0,2023-08-12 12:28:44,2024-09-04 20:56:53
28,Tyler Reilly,scurtis27@mgcrew.com,employee,4.0,2023-03-22 06:39:27,2024-06-29 13:56:21
29,Katie Gates,hernandezallison28@mgcrew.com,employee,3.0,2024-08-07 07:42:13,2024-10-03 12:04:35
30,Vincent Horton,iwall29@mgcrew.com,employee,3.0,2022-07-21 06:42:49,2023-05-02 14:07:35
31,Ryan Marshall,rodneywood30@mgcrew.com,employee,8.0,2024-01-24 08:52:23,2024-04-19 16:52:25
32,Lawrence Gordon,krausediana31@mgcrew.com,employee,1.0,2022-09-26 16:26:26,2022-12-27 20:00:53
33,Julie Jarvis,juangregory32@mgcrew.com,employee,7.0,2024-07-26 02:39:56,2024-09-02 10:32:12
34,Patrick Santos,rossaaron33@mgcrew.com,employee,7.0,2022-07-24 13:37:28,2023-04-06 05:30:09
35,Cynthia Cabrera,brian6734@mgcrew.com,employee,3.0,2022-11-08 21:34:14,2023-01-28 02:46:43
36,Sean Campbell,wrightmelissa35@mgcrew.com,employee,7.0,2022-11-24 05:20:08,2024-03-27 02:48:03
37,Angelica Little,adamslinda36@mgcrew.com,employee,5.0,2024-06-22 20:20:45,2024-08-05 01:17:53
38,Jennifer Estrada,brandi3737@mgcrew.com,employee,2.0,2022-09-28 11:05:08,2024-07-05 20:13:24
39,Gregory Mason,robert2738@mgcrew.com,employee,2.0,2024-06-28 07:35:21,2024-07-22 08:29:34
40,Sandra Clark,lnichols39@mgcrew.com,employee,2.0,2023-09-20 11:37:59,2023-11-28 23:13:20
41,Lydia Kemp,chelseagarrison40@mgcrew.com,employee,3.0,2024-09-13 22:31:05,2024-10-03 18:45:27
42,Allen Lambert,tpatel41@mgcrew.com,employee,4.0,2023-07-29 20:52:16,2023-11-09 04:33:43
43,Maria Smith,elizabethcohen42@mgcrew.com,employee,6.0,2024-02-15 20:41:55,2024-02-18 16:40:36
44,Pamela King,rcarroll43@mgcrew.com,employee,3.0,2024-08-03 05:15:08,2024-09-28 07:09:51
45,Justin West,linda7244@mgcrew.com,employee,3.0,2023-07-07 01:51:01,2023-09-27 10:59:47
46,Bradley Hines,jvelazquez45@mgcrew.com,employee,4.0,2022-07-05 02:45:09,2022-12-02 13:19:24
47,Tracey Moss,stephaniebeard46@mgcrew.com,employee,6.0,2022-05-19 03:50:25,2024-03-08 13:58:55
48,Casey Humphrey,johnsonmelanie47@mgcrew.com,employee,3.0,2022-10-08 08:52:42,2024-05-11 08:28:39
49,Donald King,durhamdavid48@mgcrew.com,employee,2.0,2024-01-12 18:16:29,2024-07-25 23:03:03
50,Sherri Edwards,dkelly49@mgcrew.com,employee,1.0,2023-09-14 11:53:17,2023-12-24 23:07:13
51,James Watts,lee5150@mgcrew.com,employee,8.0,2024-06-29 12:54:18,2024-09-05 03:41:49
52,David Oliver,rcraig51@mgcrew.com,employee,6.0,2023-10-28 05:35:35,2024-03-13 09:30:17
53,Mr. Jeffrey Spears,juliejohns52@mgcrew.com,employee,6.0,2024-06-02 19:50:35,2024-09-08 08:08:39
54,Robin Mccoy,fcook53@mgcrew.com,employee,7.0,2024-04-18 10:05:16,2024-06-26 05:27:29
55,Maria Murphy,michael2154@mgcrew.com,employee,8.0,2023-09-03 09:00:25,2023-10-26 01:03:01
56,Alexis Huff,pmalone55@mgcrew.com,employee,4.0,2023-02-10 22:11:10,2023-06-25 10:45:56
57,Teresa Wiggins,samanthafuller56@mgcrew.com,employee,8.0,2024-09-12 05:25:07,2024-09-24 07:52:16
58,Shannon Rogers,crystal8457@mgcrew.com,employee,2.0,2023-09-29 16:38:20,2023-11-10 18:38:32
59,Alyssa Conner,nicole4058@mgcrew.com,employee,3.0,2024-03-11 06:47:54,2024-06-20 18:20:33
60,Jeremy Houston,cgreen59@mgcrew.com,employee,4.0,2022-07-15 07:56:23,2024-02-23 16:27:01
61,Kelly Rodriguez,annbennett60@mgcrew.com,employee,6.0,2024-05-23 18:08:58,2024-08-14 04:52:24
62,Crystal Ray,danielbrown61@mgcrew.com,employee,8.0,2023-11-06 18:40:11,2024-02-03 15:08:26
63,Louis Miller,courtneyvelazquez62@mgcrew.com,employee,8.0,2024-08-10 01:48:54,2024-09-06 16:56:59
64,Jeffrey Gay,hinesjohn63@mgcrew.com,employee,1.0,2024-02-01 23:57:11,2024-06-29 05:04:04
65,Kevin Smith,daniellestewart64@mgcrew.com,employee,5.0,2023-05-21 18:23:43,2024-07-08 20:11:26
66,John Anderson,powellmichael65@mgcrew.com,employee,7.0,2023-01-10 09:49:58,2024-07-23 11:55:36
67,Christopher Davis,ruth1266@mgcrew.com,employee,5.0,2023-10-05 21:19:10,2023-11-29 15:23:37
68,Sandra Thompson,jonathangraham67@mgcrew.com,employee,3.0,2022-12-20 09:05:34,2023-04-30 01:49:45
69,Joshua Campos,christopher1568@mgcrew.com,employee,5.0,2024-08-23 13:38:24,2024-08-30 18:53:22
70,Megan Schmidt,sanchezregina69@mgcrew.com,employee,3.0,2023-02-25 22:46:07,2024-09-05 09:14:11
71,Kenneth Lin,thomasrose70@mgcrew.com,employee,3.0,2023-05-09 21:06:57,2023-11-13 04:54:45
72,Ryan Scott,steelekenneth71@mgcrew.com,employee,5.0,2024-01-29 09:25:50,2024-01-31 20:47:23
73,Denise Ramirez,schavez72@mgcrew.com,employee,7.0,2022-04-21 16:19:11,2022-08-21 03:06:11
74,Kevin Flores,kflores73@mgcrew.com,employee,1.0,2022-07-11 16:57:12,2023-04-27 22:33:45
75,Kristina Fernandez,roger1674@mgcrew.com,employee,4.0,2024-06-06 05:52:31,2024-07-12 11:11:18
76,Tammy Mayo,rebeccabruce75@mgcrew.com,employee,4.0,2024-06-04 00:07:48,2024-10-06 04:57:03
77,Tina Herman,tyler3176@mgcrew.com,employee,1.0,2022-12-09 05:10:21,2023-06-01 06:45:21
78,Kathryn Brown,katherinebraun77@mgcrew.com,employee,4.0,2024-01-12 03:50:01,2024-08-28 07:15:56
79,Kathleen Richards,christopher3478@mgcrew.com,employee,2.0,2023-02-12 02:23:17,2024-09-09 14:07:23
80,Adrian Benson,james8179@mgcrew.com,employee,6.0,2024-07-14 15:33:49,2024-09-30 18:20:22
81,Christina Keller,rubiobrian80@mgcrew.com,employee,6.0,2022-04-19 21:43:29,2024-02-05 08:39:03
82,Christopher Lucas MD,markwalker81@mgcrew.com,employee,1.0,2024-04-16 08:58:46,2024-05-23 07:50:33
83,Ryan Mcclain,leeanne82@mgcrew.com,employee,3.0,2023-08-09 10:49:11,2023-11-10 12:08:25
84,Julia Duffy,edwardburns83@mgcrew.com,employee,2.0,2024-09-05 01:26:01,2024-09-09 16:12:26
85,William Torres,whines84@mgcrew.com,employee,6.0,2023-05-27 00:43:49,2023-08-05 16:58:12
86,Linda Mcintosh,gibsonamanda85@mgcrew.com,employee,5.0,2023-06-13 03:37:05,2024-08-16 21:08:33
87,Colleen Shepherd,michaelwatts86@mgcrew.com,employee,6.0,2024-01-16 14:09:48,2024-09-10 09:23:10
88,Kelly Walker,davischristopher87@mgcrew.com,employee,6.0,2024-05-10 10:51:16,2024-09-09 17:33:13
89,Steven Dorsey,pricesusan88@mgcrew.com,employee,3.0,2023-01-23 10:02:50,2023-10-28 19:19:21
90,Jeffrey Stevenson,peggyreed89@mgcrew.com,employee,3.0,2022-07-13 16:26:20,2023-08-14 21:35:25
91,Michelle Brown,aalvarado90@mgcrew.com,employee,6.0,2023-12-11 03:07:06,2024-03-25 08:17:10
92,Anthony Rodriguez,joseph2991@mgcrew.com,employee,1.0,2023-06-18 23:00:30,2023-08-24 08:43:44
93,Mr. Andrew Hardy,james6692@mgcrew.com,employee,4.0,2024-02-29 04:06:12,2024-07-12 12:56:47
94,Gabrielle Robinson,mccarthytammy93@mgcrew.com,employee,1.0,2022-11-20 19:47:01,2023-08-01 23:30:36
95,Ashley Dominguez,umurphy94@mgcrew.com,employee,8.0,2024-03-29 14:28:53,2024-06-26 21:24:43
96,Laura Moore,davismelissa95@mgcrew.com,employee,4.0,2023-12-18 03:18:21,2024-02-29 19:36:32
97,Sean Wright,qperry96@mgcrew.com,employee,7.0,2022-08-21 20:26:10,2024-02-08 00:29:04
98,Mrs. Cindy Rodriguez,zjohnson97@mgcrew.com,employee,6.0,2024-07-11 21:30:31,2024-07-21 05:11:55
99,Collin Williams,sherijones98@mgcrew.com,employee,1.0,2023-07-27 08:10:21,2023-11-20 18:37:10
100,Maria Harper,cummingscarl99@mgcrew.com,employee,3.0,2022-04-12 10:38:05,2023-12-14 10:44:08
101,Lucas Mcneil,stephenacevedo100@mgcrew.com,employee,2.0,2024-04-22 00:10:41,2024-10-06 07:45:54
102,Amanda Walker,jessicamoore101@mgcrew.com,employee,1.0,2024-10-01 22:10:38,2024-10-03 23:43:32
103,Sheila Olson,franciskrista102@mgcrew.com,employee,6.0,2023-04-19 02:37:15,2023-11-11 07:31:32
104,Yesenia Jordan,chunt103@mgcrew.com,employee,5.0,2022-05-27 03:53:11,2023-03-16 10:55:29
105,Paige Rice,hicksjacqueline104@mgcrew.com,employee,4.0,2023-08-13 21:46:40,2024-07-27 14:26:23
106,Mary Willis,robertmacdonald105@mgcrew.com,employee,5.0,2023-01-21 19:51:13,2023-07-24 22:19:44
107,Desiree Ray,ariaskelly106@mgcrew.com,employee,3.0,2024-05-30 11:48:32,2024-07-03 04:35:37
108,Mary Smith,jose92107@mgcrew.com,employee,2.0,2023-08-31 22:02:13,2023-09-21 23:28:33
109,Kristin Mejia,qsilva108@mgcrew.com,employee,5.0,2024-05-18 21:31:26,2024-06-01 12:08:09
110,James Miller,laurahoward109@mgcrew.com,employee,5.0,2023-07-01 22:53:56,2024-02-23 10:45:16
111,Jason Dixon,bpennington110@mgcrew.com,employee,6.0,2023-01-03 21:07:50,2023-03-14 17:44:41
112,Kelsey Stokes,kristy60111@mgcrew.com,employee,1.0,2023-01-24 18:39:23,2023-12-07 11:39:22
113,Samuel Hoffman,pittmancatherine112@mgcrew.com,employee,6.0,2024-04-17 08:51:00,2024-06-07 05:40:13
114,Heidi Garcia,shannon58113@mgcrew.com,employee,8.0,2023-06-14 03:36:47,2023-09-11 23:02:11
115,Andrea Price,gina49114@mgcrew.com,employee,4.0,2022-12-24 12:38:08,2023-12-04 19:58:22
116,Jamie Steele,nguyenbrianna115@mgcrew.com,employee,8.0,2024-07-29 20:14:47,2024-10-01 23:36:30
117,Peter Holder,baueramy116@mgcrew.com,employee,3.0,2023-08-11 11:34:01,2024-07-19 17:21:23
118,Elizabeth Watson,ericbrown117@mgcrew.com,employee,5.0,2023-12-05 14:42:49,2024-03-20 11:14:01
119,Vanessa Ferrell,jsmith118@mgcrew.com,employee,6.0,2022-08-01 06:27:04,2023-10-31 21:36:29
120,Carl Williams,kayla33119@mgcrew.com,employee,4.0,2023-04-30 14:59:00,2024-03-01 08:07:59
121,Billy Mcbride,ymoore120@mgcrew.com,employee,6.0,2024-10-05 10:49:19,2024-10-06 16:24:54
122,Timothy Conley,jon84121@mgcrew.com,employee,1.0,2023-01-19 15:58:00,2024-02-28 21:25:18
123,Casey Bird,harveyjennifer122@mgcrew.com,employee,7.0,2022-09-12 17:44:51,2022-10-24 11:57:19
124,Brandon Thompson,srichardson123@mgcrew.com,employee,3.0,2023-06-11 21:12:30,2024-04-17 10:38:12
125,John Humphrey,rachel73124@mgcrew.com,employee,2.0,2023-02-04 04:40:42,2024-03-01 19:56:46
126,Joshua Sosa,paul90125@mgcrew.com,employee,4.0,2022-06-06 04:30:22,2023-03-11 13:05:27
127,Marissa Huang,jonathanjohnson126@mgcrew.com,employee,6.0,2023-01-09 01:10:46,2023-11-29 02:36:24
128,James Webb,alex94127@mgcrew.com,employee,8.0,2023-06-14 17:12:39,2024-03-30 21:03:20
129,Stephanie Ruiz,ericfrancis128@mgcrew.com,employee,8.0,2022-08-20 03:38:36,2022-09-04 14:58:13
130,Robert Pearson,townsendrobert129@mgcrew.com,employee,6.0,2023-08-15 06:16:38,2024-04-13 10:56:29
131,Debra Tyler,ocoleman130@mgcrew.com,employee,3.0,2023-02-05 01:30:47,2023-08-07 07:37:18
132,Laurie Jimenez,iyang131@mgcrew.com,employee,2.0,2023-03-13 05:38:29,2024-09-10 01:37:34
133,Brittney Bates,xliu132@mgcrew.com,employee,3.0,2023-01-24 20:21:34,2024-05-17 09:56:41
134,Patricia Gill,traciweaver133@mgcrew.com,employee,4.0,2023-01-20 03:26:26,2023-05-15 10:47:21
135,Mrs. Annette Hamilton,jhernandez134@mgcrew.com,employee,6.0,2022-12-29 20:19:40,2023-05-17 16:39:35
136,Danny Garcia,anthonynewman135@mgcrew.com,employee,5.0,2023-01-03 14:09:42,2024-04-24 22:18:05
137,Robert Fleming,jefferykennedy136@mgcrew.com,employee,2.0,2024-03-06 23:47:25,2024-08-22 08:01:17
138,Erica Cook,chelsea54137@mgcrew.com,employee,7.0,2024-07-22 18:50:12,2024-08-24 14:05:33
139,Angel Sloan,varnold138@mgcrew.com,employee,6.0,2022-11-20 12:35:53,2024-08-05 16:34:09
140,Ashlee Gilmore,nsantiago139@mgcrew.com,employee,5.0,2024-08-21 20:56:09,2024-09-24 00:33:04
141,Holly George,rebeccajones140@mgcrew.com,employee,6.0,2023-11-16 15:34:31,2024-06-28 23:51:31
142,Jill Hamilton,cholland141@mgcrew.com,employee,5.0,2024-01-26 05:01:32,2024-01-29 21:03:24
143,Linda James,jeffreyduncan142@mgcrew.com,employee,3.0,2022-04-12 15:35:04,2023-03-02 10:56:25
144,Michael Mclean,xcampbell143@mgcrew.com,employee,2.0,2024-10-01 04:16:05,2024-10-04 04:03:53
145,Christopher David,ksingleton144@mgcrew.com,employee,2.0,2023-09-28 23:37:33,2024-01-01 09:08:10
146,Alexander Craig,trevorbryant145@mgcrew.com,employee,3.0,2023-12-22 21:33:54,2024-03-02 13:55:35
147,Stephen Campbell,lisa19146@mgcrew.com,employee,7.0,2023-02-10 19:11:16,2024-09-24 15:44:54
148,Terri Adkins,cherylriggs147@mgcrew.com,employee,2.0,2023-10-25 03:35:26,2024-09-29 19:19:17
149,Juan Khan,katherineperez148@mgcrew.com,employee,7.0,2023-08-06 12:35:59,2024-08-23 08:17:10
150,David Briggs DDS,sophia35149@mgcrew.com,employee,3.0,2022-08-31 15:28:54,2022-10-01 16:45:23
151,Laura Dillon,daniel17150@mgcrew.com,employee,6.0,2023-09-22 19:36:08,2024-02-06 06:26:21
152,Andrew Mccullough,charlessmith151@mgcrew.com,employee,7.0,2023-07-15 20:48:27,2024-07-20 02:46:38
153,Zachary Johnson,jessica33152@mgcrew.com,employee,8.0,2024-03-30 00:50:30,2024-04-28 15:35:43
154,Lindsey Patrick,smithkrystal153@mgcrew.com,employee,4.0,2022-09-09 06:02:15,2023-08-04 09:31:09
155,Shawn Powers,stefanieschaefer154@mgcrew.com,employee,8.0,2024-03-14 03:56:10,2024-03-21 10:19:52
156,Brenda Cohen,karendurham155@mgcrew.com,employee,3.0,2022-11-22 19:49:44,2024-03-26 18:46:18
157,David White,williamjenkins156@mgcrew.com,employee,5.0,2022-10-26 23:09:16,2023-03-04 01:48:56
158,Brian Williams,bryan94157@mgcrew.com,employee,2.0,2023-11-23 17:13:18,2024-06-14 02:31:38
159,Emily Price,jamie61158@mgcrew.com,employee,3.0,2023-10-19 20:54:08,2024-01-23 02:13:37
160,Brian Wheeler,gutierrezjames159@mgcrew.com,employee,5.0,2022-06-26 07:06:10,2024-05-03 23:01:28
161,Barbara Franklin,jamesscott160@mgcrew.com,employee,2.0,2024-07-02 12:17:49,2024-08-16 17:33:19
162,Shelby Miller,ehunter161@mgcrew.com,employee,2.0,2024-07-18 22:26:08,2024-09-07 14:13:00
163,Alicia Ray,flynnpamela162@mgcrew.com,employee,6.0,2022-09-03 10:44:19,2024-06-27 02:39:00
164,Corey Taylor,osantana163@mgcrew.com,employee,6.0,2022-06-04 11:44:19,2023-09-16 21:08:51
165,Dana Bailey,susancain164@mgcrew.com,employee,3.0,2022-12-09 20:18:04,2024-02-28 08:59:29
166,Ricardo Garcia,diane10165@mgcrew.com,employee,7.0,2022-06-12 09:04:11,2022-07-05 05:12:39
167,Cynthia Schmitt,timothy60166@mgcrew.com,employee,8.0,2023-05-06 02:01:35,2023-07-05 18:40:11
168,Joseph Bryant,aanderson167@mgcrew.com,employee,5.0,2023-06-24 09:14:24,2023-11-20 03:43:13
169,Daniel Rowe,paula30168@mgcrew.com,employee,5.0,2024-03-11 18:53:44,2024-07-19 06:10:37
170,Dr. Daniel Fowler MD,kharris169@mgcrew.com,employee,6.0,2024-09-10 23:52:53,2024-09-11 23:43:59
171,Anthony Cooper,hvalentine170@mgcrew.com,employee,7.0,2023-05-30 06:41:01,2024-03-13 00:37:39
172,Anthony Fisher,dawsonbryan171@mgcrew.com,employee,1.0,2024-08-24 01:26:30,2024-09-08 09:21:13
173,Paula Mcdaniel,crodriguez172@mgcrew.com,employee,1.0,2024-08-31 10:29:56,2024-09-01 01:59:57
174,Kaitlyn Bryant,zgreen173@mgcrew.com,employee,3.0,2024-03-14 04:55:38,2024-07-13 09:40:22
175,Dustin Wilkinson,pauljones174@mgcrew.com,employee,4.0,2022-04-23 17:52:58,2022-10-24 17:27:08
176,Nancy Brady,kevin84175@mgcrew.com,employee,4.0,2022-09-17 01:59:35,2023-04-30 22:08:49
177,Mark Sanford,richardsonrichard176@mgcrew.com,employee,7.0,2024-04-01 18:09:53,2024-04-17 06:32:51
178,Bryan Rice,chadbutler177@mgcrew.com,employee,4.0,2023-07-14 21:02:36,2024-01-13 03:40:29
179,Carolyn Taylor,james00178@mgcrew.com,employee,8.0,2024-02-05 00:00:11,2024-07-04 20:16:34
180,Vincent Sullivan,brenda12179@mgcrew.com,employee,3.0,2023-05-15 17:10:03,2024-08-20 00:05:42
181,Rebecca Cross,stephanie15180@mgcrew.com,employee,6.0,2022-12-28 14:40:11,2024-09-20 17:56:44
182,Adam Carlson,wstewart181@mgcrew.com,employee,6.0,2022-05-21 05:26:56,2023-03-02 21:01:48
183,Michael Reyes,cervantesallison182@mgcrew.com,employee,6.0,2022-10-27 10:47:46,2024-02-26 20:38:03
184,Mathew Lowe,hollyroach183@mgcrew.com,employee,3.0,2023-04-24 14:32:00,2024-01-16 03:21:03
185,Elizabeth Chapman,carterashley184@mgcrew.com,employee,7.0,2024-01-28 22:59:37,2024-05-09 04:51:14
186,Alexa Scott,kbecker185@mgcrew.com,employee,6.0,2022-10-08 16:58:24,2023-02-11 02:00:30
187,Sara Robinson,scott76186@mgcrew.com,employee,7.0,2022-06-26 22:14:33,2024-05-20 04:32:07
188,Jay Gonzalez,joseclark187@mgcrew.com,employee,7.0,2023-12-08 02:29:14,2024-09-01 19:07:34
189,Stacey Burch,sarahallen188@mgcrew.com,employee,8.0,2024-05-07 23:22:52,2024-09-08 20:02:32
190,Christopher Underwood,bnichols189@mgcrew.com,employee,4.0,2024-08-27 09:06:31,2024-09-03 05:08:50
191,Rebecca Newman,shawn69190@mgcrew.com,employee,1.0,2022-05-19 14:46:05,2024-02-19 17:40:06
192,Kevin Meyers,stephensbenjamin191@mgcrew.com,employee,2.0,2024-09-18 15:15:47,2024-09-25 09:10:12
193,Alyssa White,unelson192@mgcrew.com,employee,7.0,2023-01-28 03:41:36,2023-09-25 18:06:54
194,Jeffery Washington,joshuajohnson193@mgcrew.com,employee,5.0,2022-09-03 00:11:51,2022-12-01 06:06:06
195,Whitney Harris,norma74194@mgcrew.com,employee,3.0,2024-09-21 20:28:53,2024-10-01 02:27:40
196,Douglas Gutierrez,vanessa18195@mgcrew.com,employee,7.0,2022-09-16 21:04:35,2022-10-07 01:00:29
197,Wayne Villarreal,jeffrey30196@mgcrew.com,employee,3.0,2022-05-26 07:56:35,2023-05-05 12:34:02
198,Louis Chan,martinabigail197@mgcrew.com,employee,6.0,2023-10-20 05:58:18,2024-10-03 06:34:09
199,Bryan Payne,lmoses198@mgcrew.com,employee,4.0,2023-06-02 01:55:50,2024-02-18 19:25:34
200,Debbie Scott,mhardy199@mgcrew.com,employee,1.0,2024-02-02 00:44:40,2024-06-07 12:34:04
201,Phillip Smith,wriley200@mgcrew.com,employee,2.0,2023-10-04 16:04:11,2024-10-03 13:55:01
202,Mrs. Holly Bell,sellersmiguel201@mgcrew.com,employee,2.0,2023-02-02 19:18:36,2023-05-16 12:50:24
203,Victoria Lewis,nguyenkirk202@mgcrew.com,employee,4.0,2024-04-04 10:20:48,2024-07-28 16:09:13
204,Rhonda Crawford,matthew97203@mgcrew.com,employee,6.0,2023-04-09 10:46:34,2024-05-26 08:24:12
205,Mr. James Lawson Jr.,robertgraham204@mgcrew.com,employee,4.0,2023-07-11 17:47:14,2023-11-28 09:51:19
206,Joseph Lewis,nreyes205@mgcrew.com,employee,3.0,2022-06-17 14:15:58,2024-08-30 12:49:23
207,Lindsay Gross,drichard206@mgcrew.com,employee,7.0,2023-03-03 08:23:21,2023-04-25 04:37:22
208,Amanda Rodriguez,john24207@mgcrew.com,employee,2.0,2022-06-06 09:51:56,2024-08-24 23:54:40
209,Nicole Gallagher,imartinez208@mgcrew.com,employee,2.0,2023-02-08 00:42:35,2023-05-16 09:12:37
210,Terry Evans,gregorysantos209@mgcrew.com,employee,5.0,2023-06-09 04:21:57,2024-09-23 06:58:53
211,Rebecca Brown,ngriffith210@mgcrew.com,employee,3.0,2024-09-18 17:08:36,2024-09-28 03:18:13
212,Kathy Davis,parkeraaron211@mgcrew.com,employee,7.0,2024-01-19 05:49:26,2024-03-03 14:36:29
213,Andrew Fernandez,bryanshannon212@mgcrew.com,employee,8.0,2022-08-06 04:09:43,2024-07-13 17:06:39
214,Tyler Olsen,zhenry213@mgcrew.com,employee,4.0,2023-05-24 23:15:33,2023-09-30 21:33:58
215,Ellen Soto,scottmaynard214@mgcrew.com,employee,6.0,2022-05-24 22:36:09,2024-07-18 12:47:10
216,Rebecca Diaz,gallagherkenneth215@mgcrew.com,employee,8.0,2023-05-10 21:58:27,2024-06-10 21:18:45
217,Richard Parker,waltonerica216@mgcrew.com,employee,5.0,2024-05-26 15:56:21,2024-08-11 21:21:13
218,Anthony Goodman,steven18217@mgcrew.com,employee,6.0,2023-08-17 07:44:38,2023-09-07 05:59:02
219,Glen Owens,scottallison218@mgcrew.com,employee,4.0,2023-06-25 20:18:38,2023-11-01 17:53:05
220,Amanda Jones,jeremywilcox219@mgcrew.com,employee,7.0,2024-08-06 12:00:26,2024-08-06 23:25:59
221,Gloria Brown,erika21220@mgcrew.com,employee,7.0,2023-09-24 03:47:16,2024-09-13 16:20:38
222,Carol Silva,jared48221@mgcrew.com,employee,7.0,2023-01-27 23:12:05,2023-12-04 02:03:16
223,Alexander Matthews,tjones222@mgcrew.com,employee,8.0,2022-08-10 17:56:31,2023-07-02 21:00:31
224,Olivia Ruiz,collinsjaclyn223@mgcrew.com,employee,7.0,2023-03-21 15:01:01,2024-07-25 00:25:39
225,Tracy Rodriguez,jerry14224@mgcrew.com,employee,7.0,2023-12-10 11:11:24,2024-08-28 03:59:08
226,Bradley Nguyen,connerjennifer225@mgcrew.com,employee,8.0,2023-08-30 00:49:38,2023-11-18 06:10:07
227,Matthew Wagner,elliottjohnathan226@mgcrew.com,employee,2.0,2022-09-08 15:49:10,2023-05-23 01:31:21
228,Heather Garcia,iowens227@mgcrew.com,employee,1.0,2024-09-08 20:27:27,2024-09-29 14:29:04
229,Christopher Wright,canderson228@mgcrew.com,employee,6.0,2024-03-03 13:33:32,2024-05-15 09:54:29
230,Jeffrey Ellis,umendoza229@mgcrew.com,employee,7.0,2023-07-23 04:15:03,2024-01-01 12:25:30
231,Jeffery Thomas,xmiller230@mgcrew.com,employee,3.0,2023-08-09 20:04:54,2024-08-02 08:17:39
232,Mary Hubbard,taylorbenjamin231@mgcrew.com,employee,6.0,2023-06-28 11:23:34,2024-02-09 09:58:59
233,Melanie Hoffman,elizabeth56232@mgcrew.com,employee,1.0,2024-02-15 15:37:24,2024-05-07 07:27:52
234,Laura Powell,sampsoncarl233@mgcrew.com,employee,7.0,2023-01-30 22:22:03,2024-02-17 08:42:17
235,Kathleen Edwards,bblair234@mgcrew.com,employee,6.0,2023-01-17 13:55:29,2024-04-09 05:28:49
236,Janice Garrett,james41235@mgcrew.com,employee,4.0,2022-10-12 07:32:14,2024-01-10 19:11:32
237,Jessica Daniels,yhall236@mgcrew.com,employee,6.0,2023-10-24 16:07:51,2024-05-20 00:18:29
238,Nicole Lopez,jacobramirez237@mgcrew.com,employee,3.0,2022-07-24 16:31:47,2023-03-21 19:02:24
239,Brandon Walker,wolfenicholas238@mgcrew.com,employee,6.0,2022-08-15 15:26:01,2022-12-02 00:04:45
240,Lindsey King,jenniferlewis239@mgcrew.com,employee,6.0,2023-07-25 18:16:47,2024-03-02 21:47:49
241,Caitlyn Mccormick,iho240@mgcrew.com,employee,4.0,2024-09-28 05:49:45,2024-09-30 13:01:41
242,Howard Owens,adam75241@mgcrew.com,employee,4.0,2024-01-22 19:26:38,2024-06-22 10:33:01
243,Carl Joyce,croberts242@mgcrew.com,employee,6.0,2022-09-18 05:36:13,2023-06-26 02:27:48
244,Alyssa Murray,jason39243@mgcrew.com,employee,1.0,2023-03-08 05:29:51,2023-06-09 07:33:55
245,Nicholas Hoffman,matthewking244@mgcrew.com,employee,4.0,2022-10-16 21:14:10,2024-05-16 16:30:28
246,Steven Martinez,parkkim245@mgcrew.com,employee,8.0,2024-05-01 22:18:57,2024-09-22 21:41:37
247,Sarah Hobbs,quinnkimberly246@mgcrew.com,employee,4.0,2024-07-08 03:25:52,2024-08-30 05:49:32
248,Terri Smith,courtneydiaz247@mgcrew.com,employee,2.0,2023-07-01 23:07:42,2023-08-26 17:59:09
249,Noah Simmons,michaelrodriguez248@mgcrew.com,employee,8.0,2023-02-28 19:48:55,2024-01-22 01:03:46
250,Joseph Morris,douglasgregory249@mgcrew.com,employee,7.0,2022-09-25 11:24:35,2023-06-07 21:14:05
251,Rebecca Hubbard,xandersen250@mgcrew.com,employee,7.0,2023-10-08 08:30:03,2023-10-14 16:32:15
252,Marc Mccarthy,larry26251@mgcrew.com,employee,2.0,2022-11-11 18:59:17,2024-07-19 01:24:40
253,Mary Thomas,jameschang252@mgcrew.com,employee,5.0,2023-03-28 04:55:39,2023-11-13 23:10:09
254,Amber Hall,laurabell253@mgcrew.com,employee,7.0,2024-04-22 06:32:29,2024-05-30 00:30:52
255,Robert Hubbard,pbarnes254@mgcrew.com,employee,7.0,2023-10-22 09:58:54,2024-03-03 15:53:05
256,Michael Stevenson,robertfernandez255@mgcrew.com,employee,3.0,2024-08-19 11:28:34,2024-08-30 04:57:07
257,Steven Barrett,michelle40256@mgcrew.com,employee,2.0,2022-09-16 01:11:46,2023-07-09 04:34:01
258,Margaret Morris,eddiefreeman257@mgcrew.com,employee,1.0,2024-05-22 21:19:30,2024-07-17 08:13:16
259,Patrick Hunt,james92258@mgcrew.com,employee,5.0,2023-07-06 08:49:11,2024-07-29 04:36:32
260,Kelsey Gilbert,brownpaul259@mgcrew.com,employee,5.0,2024-08-10 22:01:09,2024-09-24 12:02:35
261,David Schwartz,craig90260@mgcrew.com,employee,1.0,2023-02-24 13:24:01,2023-11-01 22:05:54
262,Samuel Butler,millerkathleen261@mgcrew.com,employee,1.0,2024-06-27 13:51:54,2024-08-04 16:28:29
263,Cassandra Kim,victoriastrong262@mgcrew.com,employee,7.0,2024-01-08 03:30:09,2024-05-07 19:56:31
264,Tracey Rocha,stevenhays263@mgcrew.com,employee,1.0,2024-09-23 14:26:46,2024-10-06 20:30:52
265,David Shepard,tlane264@mgcrew.com,employee,6.0,2022-07-17 02:44:58,2024-08-01 20:11:56
266,Elizabeth Fry,yhorne265@mgcrew.com,employee,8.0,2023-12-13 11:08:58,2024-03-19 03:09:33
267,Erin Bennett,sandra46266@mgcrew.com,employee,6.0,2024-05-12 04:41:17,2024-05-30 11:55:38
268,Alexander Sherman,ugonzales267@mgcrew.com,employee,3.0,2024-07-04 22:28:30,2024-07-12 09:39:55
269,Malik Hernandez,bob36268@mgcrew.com,employee,3.0,2023-12-13 02:52:31,2024-07-18 17:53:19
270,Jason Johnson,markfoster269@mgcrew.com,employee,1.0,2023-04-28 03:02:41,2024-05-13 06:16:43
271,Heather Sanchez,bbrown270@mgcrew.com,employee,1.0,2022-07-23 02:10:25,2023-08-22 12:17:19
272,Jason Garrett,yreynolds271@mgcrew.com,employee,1.0,2024-04-21 01:20:01,2024-06-05 14:04:26
273,Raymond Dixon,millertimothy272@mgcrew.com,employee,8.0,2023-10-24 21:41:59,2023-12-28 03:26:05
274,Patricia Thompson,brucemorales273@mgcrew.com,employee,6.0,2023-07-15 11:29:51,2024-04-08 19:03:20
275,Rebecca Mcclain,icameron274@mgcrew.com,employee,2.0,2024-08-20 15:02:06,2024-09-22 04:10:58
276,Donna Lucas,waltermills275@mgcrew.com,employee,4.0,2023-06-08 14:12:52,2024-01-30 01:30:50
277,Rachel Lawrence,georgephillips276@mgcrew.com,employee,7.0,2023-06-11 21:23:54,2024-03-23 14:47:53
278,Robert Lee,gonzalesanne277@mgcrew.com,employee,3.0,2023-04-20 07:31:24,2024-02-22 08:34:05
279,Rachel Adkins,markrobinson278@mgcrew.com,employee,7.0,2024-06-25 04:37:50,2024-09-06 03:08:35
280,Natalie Chavez,jacksonrichard279@mgcrew.com,employee,2.0,2022-12-06 02:27:40,2024-07-19 10:42:27
281,Joseph Glover,wilsondavid280@mgcrew.com,employee,6.0,2022-07-09 09:09:22,2022-10-29 15:03:35
282,Jennifer Bryan,dennis23281@mgcrew.com,employee,4.0,2023-05-16 14:52:00,2023-08-06 05:18:59
283,Chelsea Johnson,bakertravis282@mgcrew.com,employee,7.0,2024-08-26 22:08:17,2024-09-13 13:31:03
284,Diana Cook,lucasrichard283@mgcrew.com,employee,5.0,2023-12-30 17:45:00,2024-02-07 20:04:38
285,Jesus Ward,frank99284@mgcrew.com,employee,4.0,2023-03-17 17:56:35,2024-04-12 10:56:00
286,Nicole Dunlap,littlewilliam285@mgcrew.com,employee,5.0,2023-03-29 20:42:41,2023-11-15 02:17:32
287,Courtney Hardy,kjacobs286@mgcrew.com,employee,3.0,2023-11-26 11:21:33,2024-02-23 01:39:56
288,David Ortiz,vholloway287@mgcrew.com,employee,5.0,2022-04-26 01:51:41,2024-03-30 23:26:02
289,Joseph Murphy,jeremy44288@mgcrew.com,employee,2.0,2023-08-20 12:55:37,2024-07-04 21:00:19
290,Tammy Miranda,ocantu289@mgcrew.com,employee,5.0,2023-10-13 02:08:55,2024-01-19 20:07:19
291,Amber Morgan,gregory53290@mgcrew.com,employee,8.0,2023-05-18 13:54:09,2024-01-17 06:50:14
292,Anna Love,jessica31291@mgcrew.com,employee,7.0,2023-10-17 18:46:50,2024-05-22 01:15:08
293,Robert Green,jennifer08292@mgcrew.com,employee,4.0,2024-09-08 17:10:07,2024-09-12 00:53:58
294,Andrew Perkins,garythompson293@mgcrew.com,employee,4.0,2022-09-15 00:32:52,2023-06-23 13:18:35
295,Ashley York,sthomas294@mgcrew.com,employee,8.0,2022-07-18 02:34:14,2024-02-03 14:24:56
296,Gregory Brown,gmorgan295@mgcrew.com,employee,6.0,2023-08-05 17:21:10,2024-07-03 04:59:19
297,Christopher Garcia,ejohnson296@mgcrew.com,employee,8.0,2022-12-12 12:51:38,2023-10-14 14:19:06
298,Derrick Ray,helenstrong297@mgcrew.com,employee,4.0,2023-03-25 16:10:07,2024-01-08 14:12:41
299,Amy Booker,jimmy80298@mgcrew.com,employee,7.0,2023-09-16 21:57:50,2024-08-16 00:45:53
300,Shannon Thompson,matthewharris299@mgcrew.com,employee,6.0,2023-06-26 16:41:28,2023-11-27 04:49:28
301,Daniel Spears,rebeccaherrera300@mgcrew.com,employee,6.0,2024-04-17 23:24:53,2024-07-01 12:18:27
302,Darrell Smith,robertdowns301@mgcrew.com,employee,7.0,2024-08-19 10:14:42,2024-08-24 18:07:50
303,Jay Rodriguez,bondjoseph302@mgcrew.com,employee,4.0,2024-03-19 17:18:54,2024-04-05 09:03:05
304,Todd Green,kimberlygarner303@mgcrew.com,employee,5.0,2023-11-11 18:59:49,2024-06-09 17:14:01
305,Debbie Jackson,zparker304@mgcrew.com,employee,5.0,2024-03-15 16:07:29,2024-07-29 08:03:24
306,Andrea Hill,lauren26305@mgcrew.com,employee,4.0,2023-06-22 12:46:22,2023-07-28 10:07:10
307,Carrie Clark,grantnicole306@mgcrew.com,employee,8.0,2023-02-04 03:58:45,2023-11-25 22:09:10
308,Terry Burns,benjaminwilliams307@mgcrew.com,employee,8.0,2023-07-05 21:24:35,2024-07-17 07:57:36
309,Harry Williams,silvagavin308@mgcrew.com,employee,4.0,2024-04-01 20:31:50,2024-07-17 20:32:34
310,Emily Henry,wevans309@mgcrew.com,employee,6.0,2024-07-08 21:23:17,2024-08-17 01:37:19
311,Vincent Foster,joshuaturner310@mgcrew.com,employee,3.0,2024-07-04 18:14:28,2024-09-19 16:09:59
312,Linda Davidson,juliemiller311@mgcrew.com,employee,5.0,2023-11-08 20:11:05,2024-03-25 09:41:05
313,Rachel Obrien,michellelawson312@mgcrew.com,employee,8.0,2023-01-28 12:36:16,2023-12-16 15:53:18
314,Michelle Bright,sheila36313@mgcrew.com,employee,2.0,2024-06-11 02:31:05,2024-07-14 06:31:40
315,Ronald Solis,barbara84314@mgcrew.com,employee,3.0,2024-05-10 09:30:04,2024-07-27 11:37:12
316,Anne Cooper,yshelton315@mgcrew.com,employee,6.0,2024-07-13 10:52:34,2024-09-01 04:35:09
317,Christopher Jordan,davidrobinson316@mgcrew.com,employee,7.0,2023-12-31 20:44:08,2024-05-11 19:10:06
318,Joshua Nelson,kprice317@mgcrew.com,employee,2.0,2023-05-30 10:18:26,2023-07-23 18:54:45
319,Richard Prince,barbermichael318@mgcrew.com,employee,2.0,2022-06-21 03:00:01,2023-11-28 16:57:55
320,Barry Gregory,andrea55319@mgcrew.com,employee,4.0,2022-10-05 17:55:18,2023-02-26 00:55:04
321,Brianna Henry,tgray320@mgcrew.com,employee,2.0,2023-06-16 23:37:08,2023-12-08 08:39:51
322,Luke Payne,millsdaniel321@mgcrew.com,employee,3.0,2023-07-25 03:30:42,2023-09-11 18:40:56
323,Christopher Brown,davidspencer322@mgcrew.com,employee,5.0,2023-11-23 07:59:10,2024-06-27 04:21:54
324,Crystal Dougherty,jeffrey24323@mgcrew.com,employee,3.0,2022-08-26 04:38:16,2023-12-16 14:25:34
325,Peggy Douglas,thomas42324@mgcrew.com,employee,2.0,2023-08-12 17:50:39,2024-03-28 22:11:24
326,Thomas Fields,kara84325@mgcrew.com,employee,2.0,2023-11-01 17:52:55,2024-09-01 11:38:00
327,John Reyes,amandawall326@mgcrew.com,employee,5.0,2023-07-18 03:09:01,2024-05-31 02:08:11
328,Eugene Brooks,catherinepacheco327@mgcrew.com,employee,2.0,2023-06-03 06:03:44,2023-07-16 05:46:55
329,Jonathan May,patrick64328@mgcrew.com,employee,5.0,2024-01-15 03:31:14,2024-03-10 07:12:54
330,Troy Parsons,hbarnes329@mgcrew.com,employee,8.0,2023-05-14 07:18:45,2024-08-02 14:16:18
331,Brandon Green,millerkayla330@mgcrew.com,employee,1.0,2023-06-08 05:14:09,2023-06-14 14:41:01
332,Mrs. Melissa Gallagher DVM,stoutdennis331@mgcrew.com,employee,5.0,2022-04-14 08:12:15,2024-06-15 10:50:47
333,Angela Walker,browntom332@mgcrew.com,employee,4.0,2023-11-14 12:41:07,2024-01-31 03:05:47
334,Angela Martin,ritawilson333@mgcrew.com,employee,6.0,2023-06-30 03:10:29,2023-09-10 00:14:48
335,Sylvia Monroe,shannondavis334@mgcrew.com,employee,3.0,2022-06-20 12:07:34,2023-12-26 16:43:11
336,Christopher Baker,awright335@mgcrew.com,employee,7.0,2023-07-14 13:01:10,2023-08-31 09:14:26
337,William Moore,josephking336@mgcrew.com,employee,4.0,2023-06-01 09:45:51,2024-10-03 07:04:01
338,Jeremiah Baldwin,danielgarcia337@mgcrew.com,employee,5.0,2024-06-28 12:55:49,2024-08-16 15:28:25
339,Julie Parker,awilliamson338@mgcrew.com,employee,4.0,2023-12-26 18:24:38,2024-01-06 07:52:26
340,Tonya Fleming,lanceestrada339@mgcrew.com,employee,8.0,2024-10-03 09:02:39,2024-10-06 06:23:44
341,April Perry,cheryljordan340@mgcrew.com,employee,6.0,2022-11-13 14:54:00,2024-04-06 13:52:19
342,Jamie Lewis,charles51341@mgcrew.com,employee,3.0,2023-05-11 00:39:25,2023-12-31 15:28:31
343,Christopher Vazquez,kanderson342@mgcrew.com,employee,7.0,2023-02-13 21:09:37,2023-10-20 23:55:46
344,James Jenkins,andrew02343@mgcrew.com,employee,1.0,2024-09-25 07:58:55,2024-09-29 07:36:44
345,Jessica Holland,robinsonbrandy344@mgcrew.com,employee,2.0,2024-03-03 06:19:26,2024-05-18 12:14:19
346,Mrs. Sarah Russell MD,holtashley345@mgcrew.com,employee,5.0,2022-04-28 23:31:01,2024-03-30 04:01:50
347,Annette Shannon,dawnwilliams346@mgcrew.com,employee,1.0,2022-12-25 01:16:32,2023-08-11 19:13:47
348,Gabriel Weaver,amandashaffer347@mgcrew.com,employee,4.0,2022-11-17 00:55:45,2024-02-23 23:03:16
349,Christopher Jones,fsmith348@mgcrew.com,employee,8.0,2022-09-26 04:33:11,2023-03-20 20:51:46
350,Robert Taylor,townsendsherry349@mgcrew.com,employee,4.0,2024-04-16 09:55:55,2024-08-03 17:25:02
351,Bryan Carter,martinrobert350@mgcrew.com,employee,2.0,2023-03-22 07:17:47,2024-04-05 16:36:53
352,Timothy Nunez,davisterri351@mgcrew.com,employee,3.0,2022-05-27 16:48:33,2023-05-15 21:37:22
353,Mrs. Samantha Friedman,lucas02352@mgcrew.com,employee,1.0,2022-06-27 13:36:33,2022-07-22 07:49:39
354,Michael Phillips,melissa13353@mgcrew.com,employee,6.0,2023-09-30 13:29:47,2023-12-23 22:52:06
355,Ronnie Guerrero,charles34354@mgcrew.com,employee,5.0,2023-06-30 00:14:56,2024-03-19 19:44:16
356,Pamela Spence,carlwarner355@mgcrew.com,employee,8.0,2023-12-03 02:27:18,2024-06-16 13:17:54
357,Kathryn Harrison,patricia06356@mgcrew.com,employee,4.0,2023-09-14 06:17:38,2024-06-07 22:43:57
358,Brandon Dickerson,petersonmary357@mgcrew.com,employee,3.0,2022-11-17 15:25:30,2023-12-06 00:50:01
359,Zachary Hernandez,colonreginald358@mgcrew.com,employee,5.0,2022-06-10 00:54:57,2023-02-24 05:58:34
360,Autumn Lamb,mosleysusan359@mgcrew.com,employee,8.0,2024-03-16 17:41:11,2024-09-21 22:07:52
361,Mrs. Nancy Thomas,kaitlyn92360@mgcrew.com,employee,6.0,2023-05-16 12:42:29,2023-05-28 07:30:27
362,Chelsea Martin,tommyperry361@mgcrew.com,employee,8.0,2022-05-30 19:45:26,2024-05-16 14:12:08
363,Angela Hanson,henryburns362@mgcrew.com,employee,5.0,2023-04-16 14:07:48,2024-03-18 03:01:03
364,Susan Collins,hodgesvalerie363@mgcrew.com,employee,2.0,2022-08-30 02:48:36,2023-12-10 09:15:19
365,Dawn Walsh,kochsherri364@mgcrew.com,employee,4.0,2022-08-27 02:25:41,2024-05-30 12:12:20
366,Amber Hurley,smckenzie365@mgcrew.com,employee,6.0,2022-11-24 16:33:41,2024-05-20 21:43:46
367,Christopher Williams,antonio36366@mgcrew.com,employee,5.0,2024-08-19 11:34:41,2024-09-27 08:20:49
368,Jacqueline Murphy,heatherharris367@mgcrew.com,employee,7.0,2023-06-03 16:54:05,2023-08-01 22:27:44
369,Michael Johnson,moorejennifer368@mgcrew.com,employee,4.0,2022-10-22 16:00:59,2024-08-01 10:52:10
370,Nancy Williams,mrobertson369@mgcrew.com,employee,2.0,2022-08-04 03:21:06,2023-07-11 17:14:15
371,Stephanie Watkins,donaldsonjorge370@mgcrew.com,employee,8.0,2022-06-15 20:27:12,2024-09-23 05:50:35
372,Cameron Paul,hrobinson371@mgcrew.com,employee,5.0,2023-11-28 02:07:15,2024-04-18 14:21:37
373,Thomas Schwartz,oharper372@mgcrew.com,employee,7.0,2023-04-12 16:49:46,2024-09-05 11:45:31
374,Samantha Harris,joe89373@mgcrew.com,employee,8.0,2024-02-21 02:42:54,2024-09-13 03:59:27
375,Brooke Johnson,fthomas374@mgcrew.com,employee,2.0,2024-06-13 04:22:41,2024-07-05 02:05:19
376,Carl Richardson,xadams375@mgcrew.com,employee,3.0,2022-08-07 06:06:51,2023-01-11 09:29:35
377,Alan Spence,alvarezrachael376@mgcrew.com,employee,5.0,2023-03-30 06:18:39,2024-06-26 21:29:59
378,Linda Rice,anthony11377@mgcrew.com,employee,3.0,2024-05-21 16:52:34,2024-10-02 18:42:46
379,James Smith,reynoldsmisty378@mgcrew.com,employee,8.0,2023-09-14 12:52:42,2024-09-14 16:26:24
380,Dr. Tammy Molina,zavalakathleen379@mgcrew.com,employee,3.0,2023-05-12 12:43:44,2024-09-26 10:00:02
381,Madison Nelson,harrisondavid380@mgcrew.com,employee,4.0,2024-03-14 12:54:12,2024-08-08 17:10:44
382,Anna Vaughan,jonathanthompson381@mgcrew.com,employee,3.0,2022-11-10 23:14:49,2023-02-19 02:14:01
383,Nicholas Austin,edaniel382@mgcrew.com,employee,7.0,2023-01-25 00:17:20,2023-06-07 18:35:14
384,Benjamin Reed,angelaperry383@mgcrew.com,employee,6.0,2022-05-02 08:27:32,2023-05-25 19:23:53
385,Mr. Isaac Blevins,wgomez384@mgcrew.com,employee,6.0,2024-10-01 10:59:56,2024-10-03 02:49:30
386,Karen Medina,wgraham385@mgcrew.com,employee,4.0,2024-02-25 03:25:06,2024-07-06 15:31:09
387,Angela Thomas,bradleycline386@mgcrew.com,employee,5.0,2022-05-18 07:43:19,2022-11-29 12:19:08
388,Kelly Williams,wsmith387@mgcrew.com,employee,4.0,2023-12-25 13:50:05,2024-05-18 23:31:45
389,Kristina Valdez,wmiller388@mgcrew.com,employee,1.0,2024-01-23 06:11:53,2024-02-28 22:07:45
390,Veronica Smith,morsekelly389@mgcrew.com,employee,1.0,2023-06-28 23:55:59,2024-03-04 07:18:53
391,James Davis,vickiavery390@mgcrew.com,employee,8.0,2023-06-17 19:36:56,2024-05-19 19:35:30
392,Erica Thompson,rebecca07391@mgcrew.com,employee,6.0,2024-09-26 05:46:09,2024-10-07 06:03:21
393,Stacey Griffith,gonzalezdaniel392@mgcrew.com,employee,2.0,2023-09-15 19:53:28,2024-01-12 20:19:51
394,Ryan Watkins,kenneth66393@mgcrew.com,employee,4.0,2023-12-24 14:20:45,2024-04-12 02:43:46
395,Jennifer Small,mariaberger394@mgcrew.com,employee,5.0,2023-06-01 01:53:27,2024-09-26 21:06:04
396,Robert Adams,murphymatthew395@mgcrew.com,employee,8.0,2024-04-27 09:49:27,2024-06-18 08:43:31
397,Daniel Jones,douglas17396@mgcrew.com,employee,6.0,2024-09-12 06:36:30,2024-09-14 18:49:01
398,Mr. Jason Wright,evansjohnny397@mgcrew.com,employee,4.0,2024-02-12 04:40:22,2024-06-14 01:21:27
399,Brian Murphy,hicksalicia398@mgcrew.com,employee,4.0,2023-03-08 06:07:35,2024-05-21 12:53:23
400,Scott Hunt,dustin56399@mgcrew.com,employee,1.0,2022-12-13 13:15:01,2024-06-25 12:34:44
401,Toni Sanchez,egarrett400@mgcrew.com,employee,6.0,2023-02-13 07:37:18,2024-04-26 18:40:34
402,Tina Keith,ssmith401@mgcrew.com,employee,6.0,2024-08-06 15:55:29,2024-09-04 02:14:20
403,Angela Roy,samuel83402@mgcrew.com,employee,1.0,2024-06-19 17:17:25,2024-09-11 00:09:02
404,Ryan Moore,julie60403@mgcrew.com,employee,2.0,2024-06-01 18:00:51,2024-06-16 13:01:37
405,Brandon Coleman,jenkinstracey404@mgcrew.com,employee,2.0,2024-03-30 11:38:29,2024-08-22 12:46:19
406,Brittany Lee,ryan42405@mgcrew.com,employee,2.0,2022-05-03 04:54:46,2024-06-04 01:51:18
407,Michael Holden,pbarnes406@mgcrew.com,employee,8.0,2024-03-23 12:47:10,2024-10-04 05:38:29
408,Brittany Pollard,donnawright407@mgcrew.com,employee,3.0,2024-04-15 01:21:54,2024-09-02 17:18:26
409,Jacqueline Church,robert48408@mgcrew.com,employee,3.0,2023-11-15 14:38:49,2023-12-22 16:30:11
410,Anthony Wood,michaelmiller409@mgcrew.com,employee,5.0,2023-02-01 15:14:26,2023-11-28 20:22:36
411,Hunter Ross,barbaraorr410@mgcrew.com,employee,3.0,2022-12-23 08:39:32,2024-04-25 11:13:32
412,Jordan Martin,andrewgarner411@mgcrew.com,employee,5.0,2023-10-24 12:48:23,2023-11-21 23:32:11
413,Erin Alvarez,zalvarado412@mgcrew.com,employee,5.0,2024-03-12 11:50:49,2024-08-19 20:17:19
414,Christine Garcia,whiteerika413@mgcrew.com,employee,8.0,2022-06-05 03:22:11,2023-07-24 03:45:13
415,Michael Rodriguez,nferguson414@mgcrew.com,employee,1.0,2022-06-09 22:50:13,2023-07-29 21:01:53
416,Brittney Finley,frazierzachary415@mgcrew.com,employee,8.0,2023-06-09 08:17:03,2023-06-24 07:31:12
417,Susan Sellers,jonesdonald416@mgcrew.com,employee,6.0,2023-12-17 15:52:27,2024-08-05 02:50:57
418,Justin Johnson,mckaydavid417@mgcrew.com,employee,2.0,2022-07-08 10:50:22,2023-09-29 10:08:30
419,Stephanie Wilson,klopez418@mgcrew.com,employee,1.0,2022-12-02 19:15:31,2024-02-12 02:09:10
420,Jamie Little,christopher36419@mgcrew.com,employee,7.0,2023-09-25 18:24:04,2024-02-06 17:25:43
421,Robert Everett,melissa01420@mgcrew.com,employee,6.0,2024-09-15 15:07:25,2024-09-20 08:35:46
422,Susan Crawford,savannahford421@mgcrew.com,employee,3.0,2022-04-16 01:39:59,2022-10-16 21:16:38
423,Karen Lucero,ronaldbennett422@mgcrew.com,employee,4.0,2022-05-29 08:13:00,2022-06-19 23:06:27
424,Brian Roberts,ellisrachel423@mgcrew.com,employee,3.0,2023-05-07 12:38:44,2024-04-03 16:02:28
425,Tabitha Bishop,rfritz424@mgcrew.com,employee,8.0,2024-04-04 20:38:02,2024-05-24 01:00:41
426,Bruce Everett,ian46425@mgcrew.com,employee,5.0,2023-12-17 04:59:00,2024-05-04 00:09:59
427,Michael Ferguson,patrickallen426@mgcrew.com,employee,6.0,2024-02-01 03:37:22,2024-04-17 05:07:05
428,Roger Butler,newmanmichelle427@mgcrew.com,employee,5.0,2022-11-14 04:32:47,2023-10-13 05:37:08
429,Cameron Moore,millersara428@mgcrew.com,employee,5.0,2024-04-11 11:43:50,2024-04-22 05:01:33
430,Jeffrey Rowe,jamesnewman429@mgcrew.com,employee,2.0,2022-12-30 01:58:42,2023-01-03 19:07:00
431,Edward Hill,wellschristopher430@mgcrew.com,employee,1.0,2024-07-17 16:40:42,2024-08-24 13:13:32
432,Samantha Leblanc,browncarol431@mgcrew.com,employee,7.0,2022-07-06 05:40:35,2022-12-01 13:57:38
433,Lisa Benitez,iking432@mgcrew.com,employee,3.0,2023-06-01 18:09:58,2023-08-09 05:12:21
434,Kristen Richardson,margaret65433@mgcrew.com,employee,5.0,2022-07-24 01:26:10,2023-10-30 11:15:01
435,Amy Brown,fitzpatrickjames434@mgcrew.com,employee,5.0,2022-10-20 01:56:44,2024-08-09 10:02:25
436,David Gutierrez,joeljones435@mgcrew.com,employee,1.0,2024-07-21 23:43:02,2024-09-11 05:18:53
437,Christopher Ross,jordan81436@mgcrew.com,employee,3.0,2024-05-18 10:26:39,2024-09-18 01:30:15
438,Christina Cisneros,whouse437@mgcrew.com,employee,8.0,2024-08-25 00:50:52,2024-09-17 10:18:38
439,David Davis,thomascalvin438@mgcrew.com,employee,6.0,2022-10-11 18:07:56,2023-07-14 19:25:29
440,Glen Howe,laceyhorn439@mgcrew.com,employee,7.0,2022-12-01 07:36:31,2023-10-06 18:13:57
441,Christopher Robinson,susan23440@mgcrew.com,employee,3.0,2023-06-03 21:32:34,2023-08-05 17:33:48
442,Gloria Lopez,pharris441@mgcrew.com,employee,8.0,2022-09-13 03:31:14,2023-12-27 10:48:23
443,Patrick Baker,allensamantha442@mgcrew.com,employee,3.0,2023-05-21 09:56:24,2023-11-19 22:10:42
444,Jeffrey Ali,millerdavid443@mgcrew.com,employee,2.0,2023-09-27 21:02:37,2024-07-24 17:27:26
445,Joshua Brown,sanchezandrew444@mgcrew.com,employee,7.0,2022-06-13 20:57:47,2023-03-21 05:08:18
446,Nicole Johnson,wilsonstephanie445@mgcrew.com,employee,5.0,2023-02-10 19:28:30,2023-04-12 07:55:26
447,Anthony Steele,steven57446@mgcrew.com,employee,6.0,2023-12-16 09:31:11,2024-08-15 02:48:51
448,Matthew Buchanan,pmiranda447@mgcrew.com,employee,6.0,2023-09-30 02:51:31,2024-04-24 15:19:52
449,Michael Kennedy,michaeltucker448@mgcrew.com,employee,3.0,2024-09-12 12:37:27,2024-09-26 04:14:12
450,Mrs. Erin Rodriguez,timothy79449@mgcrew.com,employee,2.0,2022-07-20 18:09:47,2023-01-06 15:09:05
451,Dr. Ian Moss Jr.,bradleybennett450@mgcrew.com,employee,2.0,2024-05-23 20:08:10,2024-07-29 14:00:10
452,Paul Phillips,coreybyrd451@mgcrew.com,employee,3.0,2023-11-03 04:03:58,2024-08-15 16:27:12
453,Laurie Reid,edean452@mgcrew.com,employee,3.0,2023-05-01 13:32:47,2024-03-29 04:59:06
454,Eric Holmes,emilysullivan453@mgcrew.com,employee,8.0,2022-05-18 05:20:22,2024-07-08 17:23:25
455,Samantha Watkins,qgreen454@mgcrew.com,employee,5.0,2024-04-27 00:53:44,2024-09-08 03:25:42
456,Scott Davis,jennifer52455@mgcrew.com,employee,3.0,2024-04-07 04:38:27,2024-06-18 23:44:19
457,Tracie Fischer,jessicaleonard456@mgcrew.com,employee,6.0,2023-05-28 16:26:31,2023-10-14 19:20:57
458,Mary Stafford,jennifer96457@mgcrew.com,employee,6.0,2022-08-18 14:54:54,2023-04-01 16:51:48
459,Caleb Oliver,moniquewilliams458@mgcrew.com,employee,3.0,2022-07-26 06:05:29,2024-03-14 16:42:23
460,Amy Rangel,jacksonnicole459@mgcrew.com,employee,3.0,2023-08-31 03:01:05,2024-09-04 01:08:16
461,Elizabeth Salinas,kacosta460@mgcrew.com,employee,2.0,2022-09-14 02:09:48,2023-10-20 10:50:30
462,William Nunez,tomrodriguez461@mgcrew.com,employee,2.0,2023-08-10 01:59:57,2023-12-23 14:13:17
463,Allison Taylor,qvega462@mgcrew.com,employee,5.0,2023-07-09 21:34:59,2023-09-17 19:38:14
464,Brittany Manning,ksilva463@mgcrew.com,employee,3.0,2023-01-19 04:24:24,2023-12-31 04:20:36
465,Robin Ellis,laura68464@mgcrew.com,employee,2.0,2023-01-03 05:46:36,2024-05-27 22:01:16
466,Charles Pena,davidhendrix465@mgcrew.com,employee,8.0,2024-06-09 16:57:07,2024-07-03 21:04:36
467,Kelsey Harris,emily77466@mgcrew.com,employee,1.0,2023-12-02 07:10:00,2024-03-31 05:50:28
468,Javier Lee,hawkinsbrad467@mgcrew.com,employee,2.0,2023-12-27 14:23:27,2024-05-31 18:50:37
469,Maria Murphy,nicholas86468@mgcrew.com,employee,6.0,2024-04-07 05:05:59,2024-04-18 06:25:39
470,Melinda Burns,sarahrobertson469@mgcrew.com,employee,3.0,2023-03-08 06:00:25,2024-04-06 08:43:06
471,Cody Knight,bradleymorrow470@mgcrew.com,employee,8.0,2022-09-19 17:17:40,2024-05-11 17:10:27
472,Judith Warner,gregory90471@mgcrew.com,employee,2.0,2023-02-20 10:33:29,2024-01-28 13:35:13
473,Kristin Holloway,pshaffer472@mgcrew.com,employee,6.0,2024-01-23 01:30:47,2024-06-05 11:56:08
474,Michael Cox,rodriguezerica473@mgcrew.com,employee,8.0,2022-11-06 22:18:44,2023-05-14 03:30:43
475,Christy Smith,walter16474@mgcrew.com,employee,1.0,2023-09-04 01:47:07,2024-08-23 03:24:37
476,Felicia Mosley,paulsharp475@mgcrew.com,employee,6.0,2022-04-27 14:00:56,2022-04-28 15:13:42
477,Kimberly Holmes,framirez476@mgcrew.com,employee,7.0,2022-10-15 13:05:17,2023-10-04 16:59:47
478,James Johnson,nguyenkimberly477@mgcrew.com,employee,5.0,2022-12-22 13:41:00,2023-11-08 07:18:57
479,Bianca Wang,ljohnson478@mgcrew.com,employee,7.0,2022-05-03 10:33:05,2023-02-26 04:33:55
480,Nicholas Cooper,gillespienorma479@mgcrew.com,employee,3.0,2024-02-13 11:33:11,2024-06-09 04:32:16
481,Chad Hancock,cannondaniel480@mgcrew.com,employee,1.0,2023-11-15 03:51:53,2023-12-10 14:23:13
482,Amy Garcia,jennifer41481@mgcrew.com,employee,2.0,2024-04-07 16:01:48,2024-08-18 04:40:36
483,Colleen Manning,jeremynelson482@mgcrew.com,employee,7.0,2022-05-05 06:56:35,2023-05-26 15:16:52
484,Shelly Davis,michael58483@mgcrew.com,employee,1.0,2022-05-09 21:29:15,2023-08-14 06:25:12
485,Andrea Castillo,phillipsrhonda484@mgcrew.com,employee,6.0,2022-11-21 15:44:27,2023-05-30 20:02:22
486,Michael Armstrong,ryan26485@mgcrew.com,employee,4.0,2023-12-26 00:29:34,2024-04-02 19:37:51
487,Elizabeth Hunt,phillip94486@mgcrew.com,employee,3.0,2022-09-28 05:29:04,2024-08-14 23:41:26
488,Pamela Chavez,xbrowning487@mgcrew.com,employee,7.0,2024-03-20 15:39:05,2024-07-22 13:36:12
489,Erin Foster,woodardseth488@mgcrew.com,employee,3.0,2023-12-18 16:03:49,2024-10-07 07:18:37
490,Jason Coleman,ytaylor489@mgcrew.com,employee,7.0,2023-07-15 00:36:59,2023-10-05 03:39:15
491,Mark Warren,npeters490@mgcrew.com,employee,7.0,2022-04-24 20:03:36,2023-02-21 00:30:09
492,Kristi Rollins,corygarner491@mgcrew.com,employee,8.0,2023-03-24 16:33:28,2023-11-30 18:38:17
493,Samantha Kim,billy29492@mgcrew.com,employee,6.0,2023-07-12 15:26:32,2023-07-31 21:29:02
494,Sean Flores,erika82493@mgcrew.com,employee,7.0,2024-03-02 17:05:11,2024-03-04 15:50:39
495,David Anderson,bryan64494@mgcrew.com,employee,1.0,2023-07-19 16:33:15,2024-02-10 07:48:56
496,Kylie Hurley,millershannon495@mgcrew.com,employee,6.0,2024-06-03 12:43:10,2024-09-19 20:28:06
497,Hannah Pope,hectorthomas496@mgcrew.com,employee,7.0,2023-02-26 15:51:54,2024-06-05 19:32:14
498,Samuel Davis,ehaas497@mgcrew.com,employee,3.0,2024-01-17 22:28:04,2024-04-13 09:03:18
499,Lori Valenzuela,claire84498@mgcrew.com,employee,8.0,2023-03-02 02:42:08,2023-03-08 14:12:10
500,Sarah Greene,brentward499@mgcrew.com,employee,8.0,2023-12-20 14:40:50,2024-01-16 18:03:19
