id,name
1,Leadership
2,CXO level engagement
3,Glamour
4,IKEv2
5,Awesomeness
6,Radio
7,CentOS
8,MTOs
9,Dynamic Speaker
10,Afghanistan
11,DSP BIOS
12,OTRS
13,CFR
14,WiFi
15,Agile Application Development
16,System Testing
17,Csh
18,Voice Over
19,IGOR Pro
20,Network Architecture
21,NPI Management
22,PCRF
23,Fit-out
24,VxFS
25,CGI
26,MCEV
27,WTP
28,Emergency Services
29,QSAR
30,Litigation Support
31,Two-phase Flow
32,Working Abroad
33,Rhino 3D
34,Ethical Hacking
35,Karaoke
36,Brand Awareness
37,DSL
38,First Year Experience
39,Press Releases
40,Dublin Core
41,PTH
42,Start-ups
43,Tax Accounting
44,Six Sigma
45,ILOG
46,Twist
47,EU Funding
48,Aquatic Ecology
49,CVE
50,BWA
51,CQE
52,SAP BPC
53,RNA Isolation
54,NSI
55,OTN
56,PCS7
57,HP Server Hardware
58,Copywriting
59,Aerial Silks
60,FTIR
61,APO SNP
62,Sellers
63,IT Service Management
64,DNS Server
65,Eyewonder
66,HR Software
67,HCS12
68,DTE
69,JCL
70,Molecular Cloning
71,Budget Oversight
72,Basel II
73,NSIS
74,PCB Design
75,Keyshot
76,VMware Workstation
77,Czech
78,SRDS
79,HCS12
80,FCPA
81,BGP
82,RLC
83,Java RMI
84,General Insurance
85,Angel LMS
86,Kohana Framework
87,R&amp;TTE
88,Glass
89,WSGI
90,Computer Graphics
91,DFA
92,Jewelry Design
93,Product Development
94,DCM
95,ICH Guidelines
96,Architectural Design
97,DCS
98,Utilization Management
99,Medical Terminology
100,Ironport
101,Intergovernmental Affairs
102,Bluetooth
103,Aerial Lifts
104,Lustre
105,Winning Others Over
106,HTML
107,FFA
108,OCR
109,Eye Tracking
110,CQI
111,Tunnels
112,FCoE
113,pgAdmin
114,DFSS
115,CCDP
116,MD-11
117,Multi-color Flow Cytometry
118,MBAL
119,DMEDI
120,Analysis
121,RCT
122,OLT
123,MBCI
124,Zend Framework
125,Private Banking
126,Tissue Culture
127,CISSP
128,PCIe
129,ILS
130,Sage 300 ERP
131,Dance
132,LME
133,Formation Evaluation
134,Life Sciences
135,Shrinkage
136,E-on Vue
137,eGain
138,Luxury Cruise
139,Ufile
140,Data Center
141,Time-efficient
142,BMI
143,JNI
144,IV
145,LLDPE
146,Service Delivery
147,QS9000
148,Entrepreneurship
149,EP
150,SQF
151,Slope Stability Analysis
152,HR Policy Formulation
153,Portfolio Management
154,Speech Writing
155,Major Gift Development
156,XML Standards
157,Catalyst Switches
158,Oracle ERP
159,Bank Reconciliation
160,Switchboard Operator
161,DVB-C
162,Usability Engineering
163,Graphic Illustrations
164,SMO
165,ebXML
166,DTH
167,SS7
168,Animation
169,HP Quality Center
170,PTP
171,WC
172,Electrical Troubleshooting
173,Workforce Management
174,GSA Schedule
175,NXP
176,SAP MDM
177,HP Procurve
178,Google Analytics
179,RPM
180,Military Logistics
181,Bloomberg
182,Knowledge-hungry Learner
183,Sports
184,MRI Plus
185,ELISA
186,Educational Leadership
187,Clarity FSR
188,Alumni Relations
189,Organizational Leadership
190,VT
191,QAD
192,GCF
193,Charitable Giving
194,Big Data
195,Dbx
196,TCAD
197,DH+
198,Cisco Technologies
199,DCF Valuation
200,SAP SD Module
