user_id,user_name,joined_at
2,Allison Chan,2023-06-14 19:04:33
3,Scott Flores,2023-03-25 18:14:50
4,Frank Trujillo,2022-10-14 09:55:19
5,Dana Gonzalez,2022-06-27 08:07:37
6,Scott Holt,2023-02-03 17:27:47
7,Brian Nichols,2023-03-07 01:20:08
8,Kevin Butler,2023-11-10 22:58:49
9,Travis Adams,2022-04-30 23:25:07
10,Morgan Ochoa,2024-09-07 22:33:55
11,Manuel Contreras,2022-09-22 11:12:11
12,Lee Edwards,2024-04-20 10:45:16
13,Kathryn Casey,2023-10-06 00:43:43
14,Jason Bowen,2022-11-30 16:01:56
15,Abigail Brown,2023-11-03 06:40:18
16,Gregory Mcdonald,2023-10-20 17:59:13
17,Wendy Cole,2023-11-14 12:14:48
18,Susan Jackson,2024-06-04 09:12:34
19,Christopher Johnson,2024-04-25 15:11:50
20,Abigail Savage,2022-08-06 19:03:01
21,Dawn Cook,2024-05-15 05:49:17
22,Jessica Howard,2023-08-24 17:08:52
23,Tyler Palmer,2024-08-19 19:38:51
24,Lacey Cochran,2024-06-11 05:18:52
25,Zachary Green,2023-10-28 06:19:33
26,Rebecca Brown,2023-11-02 07:43:13
27,David Watson,2023-08-12 12:28:44
28,Tyler Reilly,2023-03-22 06:39:27
29,Katie Gates,2024-08-07 07:42:13
30,Vincent Horton,2022-07-21 06:42:49
31,Ryan Marshall,2024-01-24 08:52:23
32,Lawrence Gordon,2022-09-26 16:26:26
33,Julie Jarvis,2024-07-26 02:39:56
34,Patrick Santos,2022-07-24 13:37:28
35,Cynthia Cabrera,2022-11-08 21:34:14
36,Sean Campbell,2022-11-24 05:20:08
37,Angelica Little,2024-06-22 20:20:45
38,Jennifer Estrada,2022-09-28 11:05:08
39,Gregory Mason,2024-06-28 07:35:21
40,Sandra Clark,2023-09-20 11:37:59
41,Lydia Kemp,2024-09-13 22:31:05
42,Allen Lambert,2023-07-29 20:52:16
43,Maria Smith,2024-02-15 20:41:55
44,Pamela King,2024-08-03 05:15:08
45,Justin West,2023-07-07 01:51:01
46,Bradley Hines,2022-07-05 02:45:09
47,Tracey Moss,2022-05-19 03:50:25
48,Casey Humphrey,2022-10-08 08:52:42
49,Donald King,2024-01-12 18:16:29
50,Sherri Edwards,2023-09-14 11:53:17
51,James Watts,2024-06-29 12:54:18
52,David Oliver,2023-10-28 05:35:35
53,Mr. Jeffrey Spears,2024-06-02 19:50:35
54,Robin Mccoy,2024-04-18 10:05:16
55,Maria Murphy,2023-09-03 09:00:25
56,Alexis Huff,2023-02-10 22:11:10
57,Teresa Wiggins,2024-09-12 05:25:07
58,Shannon Rogers,2023-09-29 16:38:20
59,Alyssa Conner,2024-03-11 06:47:54
60,Jeremy Houston,2022-07-15 07:56:23
61,Kelly Rodriguez,2024-05-23 18:08:58
62,Crystal Ray,2023-11-06 18:40:11
63,Louis Miller,2024-08-10 01:48:54
64,Jeffrey Gay,2024-02-01 23:57:11
65,Kevin Smith,2023-05-21 18:23:43
66,John Anderson,2023-01-10 09:49:58
67,Christopher Davis,2023-10-05 21:19:10
68,Sandra Thompson,2022-12-20 09:05:34
69,Joshua Campos,2024-08-23 13:38:24
70,Megan Schmidt,2023-02-25 22:46:07
71,Kenneth Lin,2023-05-09 21:06:57
72,Ryan Scott,2024-01-29 09:25:50
73,Denise Ramirez,2022-04-21 16:19:11
74,Kevin Flores,2022-07-11 16:57:12
75,Kristina Fernandez,2024-06-06 05:52:31
76,Tammy Mayo,2024-06-04 00:07:48
77,Tina Herman,2022-12-09 05:10:21
78,Kathryn Brown,2024-01-12 03:50:01
79,Kathleen Richards,2023-02-12 02:23:17
80,Adrian Benson,2024-07-14 15:33:49
81,Christina Keller,2022-04-19 21:43:29
82,Christopher Lucas MD,2024-04-16 08:58:46
83,Ryan Mcclain,2023-08-09 10:49:11
84,Julia Duffy,2024-09-05 01:26:01
85,William Torres,2023-05-27 00:43:49
86,Linda Mcintosh,2023-06-13 03:37:05
87,Colleen Shepherd,2024-01-16 14:09:48
88,Kelly Walker,2024-05-10 10:51:16
89,Steven Dorsey,2023-01-23 10:02:50
90,Jeffrey Stevenson,2022-07-13 16:26:20
91,Michelle Brown,2023-12-11 03:07:06
92,Anthony Rodriguez,2023-06-18 23:00:30
93,Mr. Andrew Hardy,2024-02-29 04:06:12
94,Gabrielle Robinson,2022-11-20 19:47:01
95,Ashley Dominguez,2024-03-29 14:28:53
96,Laura Moore,2023-12-18 03:18:21
97,Sean Wright,2022-08-21 20:26:10
98,Mrs. Cindy Rodriguez,2024-07-11 21:30:31
99,Collin Williams,2023-07-27 08:10:21
100,Maria Harper,2022-04-12 10:38:05
101,Lucas Mcneil,2024-04-22 00:10:41
102,Amanda Walker,2024-10-01 22:10:38
103,Sheila Olson,2023-04-19 02:37:15
104,Yesenia Jordan,2022-05-27 03:53:11
105,Paige Rice,2023-08-13 21:46:40
106,Mary Willis,2023-01-21 19:51:13
107,Desiree Ray,2024-05-30 11:48:32
108,Mary Smith,2023-08-31 22:02:13
109,Kristin Mejia,2024-05-18 21:31:26
110,James Miller,2023-07-01 22:53:56
111,Jason Dixon,2023-01-03 21:07:50
112,Kelsey Stokes,2023-01-24 18:39:23
113,Samuel Hoffman,2024-04-17 08:51:00
114,Heidi Garcia,2023-06-14 03:36:47
115,Andrea Price,2022-12-24 12:38:08
116,Jamie Steele,2024-07-29 20:14:47
117,Peter Holder,2023-08-11 11:34:01
118,Elizabeth Watson,2023-12-05 14:42:49
119,Vanessa Ferrell,2022-08-01 06:27:04
120,Carl Williams,2023-04-30 14:59:00
121,Billy Mcbride,2024-10-05 10:49:19
122,Timothy Conley,2023-01-19 15:58:00
123,Casey Bird,2022-09-12 17:44:51
124,Brandon Thompson,2023-06-11 21:12:30
125,John Humphrey,2023-02-04 04:40:42
126,Joshua Sosa,2022-06-06 04:30:22
127,Marissa Huang,2023-01-09 01:10:46
128,James Webb,2023-06-14 17:12:39
129,Stephanie Ruiz,2022-08-20 03:38:36
130,Robert Pearson,2023-08-15 06:16:38
131,Debra Tyler,2023-02-05 01:30:47
132,Laurie Jimenez,2023-03-13 05:38:29
133,Brittney Bates,2023-01-24 20:21:34
134,Patricia Gill,2023-01-20 03:26:26
135,Mrs. Annette Hamilton,2022-12-29 20:19:40
136,Danny Garcia,2023-01-03 14:09:42
137,Robert Fleming,2024-03-06 23:47:25
138,Erica Cook,2024-07-22 18:50:12
139,Angel Sloan,2022-11-20 12:35:53
140,Ashlee Gilmore,2024-08-21 20:56:09
141,Holly George,2023-11-16 15:34:31
142,Jill Hamilton,2024-01-26 05:01:32
143,Linda James,2022-04-12 15:35:04
144,Michael Mclean,2024-10-01 04:16:05
145,Christopher David,2023-09-28 23:37:33
146,Alexander Craig,2023-12-22 21:33:54
147,Stephen Campbell,2023-02-10 19:11:16
148,Terri Adkins,2023-10-25 03:35:26
149,Juan Khan,2023-08-06 12:35:59
150,David Briggs DDS,2022-08-31 15:28:54
151,Laura Dillon,2023-09-22 19:36:08
152,Andrew Mccullough,2023-07-15 20:48:27
153,Zachary Johnson,2024-03-30 00:50:30
154,Lindsey Patrick,2022-09-09 06:02:15
155,Shawn Powers,2024-03-14 03:56:10
156,Brenda Cohen,2022-11-22 19:49:44
157,David White,2022-10-26 23:09:16
158,Brian Williams,2023-11-23 17:13:18
159,Emily Price,2023-10-19 20:54:08
160,Brian Wheeler,2022-06-26 07:06:10
161,Barbara Franklin,2024-07-02 12:17:49
162,Shelby Miller,2024-07-18 22:26:08
163,Alicia Ray,2022-09-03 10:44:19
164,Corey Taylor,2022-06-04 11:44:19
165,Dana Bailey,2022-12-09 20:18:04
166,Ricardo Garcia,2022-06-12 09:04:11
167,Cynthia Schmitt,2023-05-06 02:01:35
168,Joseph Bryant,2023-06-24 09:14:24
169,Daniel Rowe,2024-03-11 18:53:44
170,Dr. Daniel Fowler MD,2024-09-10 23:52:53
171,Anthony Cooper,2023-05-30 06:41:01
172,Anthony Fisher,2024-08-24 01:26:30
173,Paula Mcdaniel,2024-08-31 10:29:56
174,Kaitlyn Bryant,2024-03-14 04:55:38
175,Dustin Wilkinson,2022-04-23 17:52:58
176,Nancy Brady,2022-09-17 01:59:35
177,Mark Sanford,2024-04-01 18:09:53
178,Bryan Rice,2023-07-14 21:02:36
179,Carolyn Taylor,2024-02-05 00:00:11
180,Vincent Sullivan,2023-05-15 17:10:03
181,Rebecca Cross,2022-12-28 14:40:11
182,Adam Carlson,2022-05-21 05:26:56
183,Michael Reyes,2022-10-27 10:47:46
184,Mathew Lowe,2023-04-24 14:32:00
185,Elizabeth Chapman,2024-01-28 22:59:37
186,Alexa Scott,2022-10-08 16:58:24
187,Sara Robinson,2022-06-26 22:14:33
188,Jay Gonzalez,2023-12-08 02:29:14
189,Stacey Burch,2024-05-07 23:22:52
190,Christopher Underwood,2024-08-27 09:06:31
191,Rebecca Newman,2022-05-19 14:46:05
192,Kevin Meyers,2024-09-18 15:15:47
193,Alyssa White,2023-01-28 03:41:36
194,Jeffery Washington,2022-09-03 00:11:51
195,Whitney Harris,2024-09-21 20:28:53
196,Douglas Gutierrez,2022-09-16 21:04:35
197,Wayne Villarreal,2022-05-26 07:56:35
198,Louis Chan,2023-10-20 05:58:18
199,Bryan Payne,2023-06-02 01:55:50
200,Debbie Scott,2024-02-02 00:44:40
201,Phillip Smith,2023-10-04 16:04:11
202,Mrs. Holly Bell,2023-02-02 19:18:36
203,Victoria Lewis,2024-04-04 10:20:48
204,Rhonda Crawford,2023-04-09 10:46:34
205,Mr. James Lawson Jr.,2023-07-11 17:47:14
206,Joseph Lewis,2022-06-17 14:15:58
207,Lindsay Gross,2023-03-03 08:23:21
208,Amanda Rodriguez,2022-06-06 09:51:56
209,Nicole Gallagher,2023-02-08 00:42:35
210,Terry Evans,2023-06-09 04:21:57
211,Rebecca Brown,2024-09-18 17:08:36
212,Kathy Davis,2024-01-19 05:49:26
213,Andrew Fernandez,2022-08-06 04:09:43
214,Tyler Olsen,2023-05-24 23:15:33
215,Ellen Soto,2022-05-24 22:36:09
216,Rebecca Diaz,2023-05-10 21:58:27
217,Richard Parker,2024-05-26 15:56:21
218,Anthony Goodman,2023-08-17 07:44:38
219,Glen Owens,2023-06-25 20:18:38
220,Amanda Jones,2024-08-06 12:00:26
221,Gloria Brown,2023-09-24 03:47:16
222,Carol Silva,2023-01-27 23:12:05
223,Alexander Matthews,2022-08-10 17:56:31
224,Olivia Ruiz,2023-03-21 15:01:01
225,Tracy Rodriguez,2023-12-10 11:11:24
226,Bradley Nguyen,2023-08-30 00:49:38
227,Matthew Wagner,2022-09-08 15:49:10
228,Heather Garcia,2024-09-08 20:27:27
229,Christopher Wright,2024-03-03 13:33:32
230,Jeffrey Ellis,2023-07-23 04:15:03
231,Jeffery Thomas,2023-08-09 20:04:54
232,Mary Hubbard,2023-06-28 11:23:34
233,Melanie Hoffman,2024-02-15 15:37:24
234,Laura Powell,2023-01-30 22:22:03
235,Kathleen Edwards,2023-01-17 13:55:29
236,Janice Garrett,2022-10-12 07:32:14
237,Jessica Daniels,2023-10-24 16:07:51
238,Nicole Lopez,2022-07-24 16:31:47
239,Brandon Walker,2022-08-15 15:26:01
240,Lindsey King,2023-07-25 18:16:47
241,Caitlyn Mccormick,2024-09-28 05:49:45
242,Howard Owens,2024-01-22 19:26:38
243,Carl Joyce,2022-09-18 05:36:13
244,Alyssa Murray,2023-03-08 05:29:51
245,Nicholas Hoffman,2022-10-16 21:14:10
246,Steven Martinez,2024-05-01 22:18:57
247,Sarah Hobbs,2024-07-08 03:25:52
248,Terri Smith,2023-07-01 23:07:42
249,Noah Simmons,2023-02-28 19:48:55
250,Joseph Morris,2022-09-25 11:24:35
251,Rebecca Hubbard,2023-10-08 08:30:03
252,Marc Mccarthy,2022-11-11 18:59:17
253,Mary Thomas,2023-03-28 04:55:39
254,Amber Hall,2024-04-22 06:32:29
255,Robert Hubbard,2023-10-22 09:58:54
256,Michael Stevenson,2024-08-19 11:28:34
257,Steven Barrett,2022-09-16 01:11:46
258,Margaret Morris,2024-05-22 21:19:30
259,Patrick Hunt,2023-07-06 08:49:11
260,Kelsey Gilbert,2024-08-10 22:01:09
261,David Schwartz,2023-02-24 13:24:01
262,Samuel Butler,2024-06-27 13:51:54
263,Cassandra Kim,2024-01-08 03:30:09
264,Tracey Rocha,2024-09-23 14:26:46
265,David Shepard,2022-07-17 02:44:58
266,Elizabeth Fry,2023-12-13 11:08:58
267,Erin Bennett,2024-05-12 04:41:17
268,Alexander Sherman,2024-07-04 22:28:30
269,Malik Hernandez,2023-12-13 02:52:31
270,Jason Johnson,2023-04-28 03:02:41
271,Heather Sanchez,2022-07-23 02:10:25
272,Jason Garrett,2024-04-21 01:20:01
273,Raymond Dixon,2023-10-24 21:41:59
274,Patricia Thompson,2023-07-15 11:29:51
275,Rebecca Mcclain,2024-08-20 15:02:06
276,Donna Lucas,2023-06-08 14:12:52
277,Rachel Lawrence,2023-06-11 21:23:54
278,Robert Lee,2023-04-20 07:31:24
279,Rachel Adkins,2024-06-25 04:37:50
280,Natalie Chavez,2022-12-06 02:27:40
281,Joseph Glover,2022-07-09 09:09:22
282,Jennifer Bryan,2023-05-16 14:52:00
283,Chelsea Johnson,2024-08-26 22:08:17
284,Diana Cook,2023-12-30 17:45:00
285,Jesus Ward,2023-03-17 17:56:35
286,Nicole Dunlap,2023-03-29 20:42:41
287,Courtney Hardy,2023-11-26 11:21:33
288,David Ortiz,2022-04-26 01:51:41
289,Joseph Murphy,2023-08-20 12:55:37
290,Tammy Miranda,2023-10-13 02:08:55
291,Amber Morgan,2023-05-18 13:54:09
292,Anna Love,2023-10-17 18:46:50
293,Robert Green,2024-09-08 17:10:07
294,Andrew Perkins,2022-09-15 00:32:52
295,Ashley York,2022-07-18 02:34:14
296,Gregory Brown,2023-08-05 17:21:10
297,Christopher Garcia,2022-12-12 12:51:38
298,Derrick Ray,2023-03-25 16:10:07
299,Amy Booker,2023-09-16 21:57:50
300,Shannon Thompson,2023-06-26 16:41:28
301,Daniel Spears,2024-04-17 23:24:53
302,Darrell Smith,2024-08-19 10:14:42
303,Jay Rodriguez,2024-03-19 17:18:54
304,Todd Green,2023-11-11 18:59:49
305,Debbie Jackson,2024-03-15 16:07:29
306,Andrea Hill,2023-06-22 12:46:22
307,Carrie Clark,2023-02-04 03:58:45
308,Terry Burns,2023-07-05 21:24:35
309,Harry Williams,2024-04-01 20:31:50
310,Emily Henry,2024-07-08 21:23:17
311,Vincent Foster,2024-07-04 18:14:28
312,Linda Davidson,2023-11-08 20:11:05
313,Rachel Obrien,2023-01-28 12:36:16
314,Michelle Bright,2024-06-11 02:31:05
315,Ronald Solis,2024-05-10 09:30:04
316,Anne Cooper,2024-07-13 10:52:34
317,Christopher Jordan,2023-12-31 20:44:08
318,Joshua Nelson,2023-05-30 10:18:26
319,Richard Prince,2022-06-21 03:00:01
320,Barry Gregory,2022-10-05 17:55:18
321,Brianna Henry,2023-06-16 23:37:08
322,Luke Payne,2023-07-25 03:30:42
323,Christopher Brown,2023-11-23 07:59:10
324,Crystal Dougherty,2022-08-26 04:38:16
325,Peggy Douglas,2023-08-12 17:50:39
326,Thomas Fields,2023-11-01 17:52:55
327,John Reyes,2023-07-18 03:09:01
328,Eugene Brooks,2023-06-03 06:03:44
329,Jonathan May,2024-01-15 03:31:14
330,Troy Parsons,2023-05-14 07:18:45
331,Brandon Green,2023-06-08 05:14:09
332,Mrs. Melissa Gallagher DVM,2022-04-14 08:12:15
333,Angela Walker,2023-11-14 12:41:07
334,Angela Martin,2023-06-30 03:10:29
335,Sylvia Monroe,2022-06-20 12:07:34
336,Christopher Baker,2023-07-14 13:01:10
337,William Moore,2023-06-01 09:45:51
338,Jeremiah Baldwin,2024-06-28 12:55:49
339,Julie Parker,2023-12-26 18:24:38
340,Tonya Fleming,2024-10-03 09:02:39
341,April Perry,2022-11-13 14:54:00
342,Jamie Lewis,2023-05-11 00:39:25
343,Christopher Vazquez,2023-02-13 21:09:37
344,James Jenkins,2024-09-25 07:58:55
345,Jessica Holland,2024-03-03 06:19:26
346,Mrs. Sarah Russell MD,2022-04-28 23:31:01
347,Annette Shannon,2022-12-25 01:16:32
348,Gabriel Weaver,2022-11-17 00:55:45
349,Christopher Jones,2022-09-26 04:33:11
350,Robert Taylor,2024-04-16 09:55:55
351,Bryan Carter,2023-03-22 07:17:47
352,Timothy Nunez,2022-05-27 16:48:33
353,Mrs. Samantha Friedman,2022-06-27 13:36:33
354,Michael Phillips,2023-09-30 13:29:47
355,Ronnie Guerrero,2023-06-30 00:14:56
356,Pamela Spence,2023-12-03 02:27:18
357,Kathryn Harrison,2023-09-14 06:17:38
358,Brandon Dickerson,2022-11-17 15:25:30
359,Zachary Hernandez,2022-06-10 00:54:57
360,Autumn Lamb,2024-03-16 17:41:11
361,Mrs. Nancy Thomas,2023-05-16 12:42:29
362,Chelsea Martin,2022-05-30 19:45:26
363,Angela Hanson,2023-04-16 14:07:48
364,Susan Collins,2022-08-30 02:48:36
365,Dawn Walsh,2022-08-27 02:25:41
366,Amber Hurley,2022-11-24 16:33:41
367,Christopher Williams,2024-08-19 11:34:41
368,Jacqueline Murphy,2023-06-03 16:54:05
369,Michael Johnson,2022-10-22 16:00:59
370,Nancy Williams,2022-08-04 03:21:06
371,Stephanie Watkins,2022-06-15 20:27:12
372,Cameron Paul,2023-11-28 02:07:15
373,Thomas Schwartz,2023-04-12 16:49:46
374,Samantha Harris,2024-02-21 02:42:54
375,Brooke Johnson,2024-06-13 04:22:41
376,Carl Richardson,2022-08-07 06:06:51
377,Alan Spence,2023-03-30 06:18:39
378,Linda Rice,2024-05-21 16:52:34
379,James Smith,2023-09-14 12:52:42
380,Dr. Tammy Molina,2023-05-12 12:43:44
381,Madison Nelson,2024-03-14 12:54:12
382,Anna Vaughan,2022-11-10 23:14:49
383,Nicholas Austin,2023-01-25 00:17:20
384,Benjamin Reed,2022-05-02 08:27:32
385,Mr. Isaac Blevins,2024-10-01 10:59:56
386,Karen Medina,2024-02-25 03:25:06
387,Angela Thomas,2022-05-18 07:43:19
388,Kelly Williams,2023-12-25 13:50:05
389,Kristina Valdez,2024-01-23 06:11:53
390,Veronica Smith,2023-06-28 23:55:59
391,James Davis,2023-06-17 19:36:56
392,Erica Thompson,2024-09-26 05:46:09
393,Stacey Griffith,2023-09-15 19:53:28
394,Ryan Watkins,2023-12-24 14:20:45
395,Jennifer Small,2023-06-01 01:53:27
396,Robert Adams,2024-04-27 09:49:27
397,Daniel Jones,2024-09-12 06:36:30
398,Mr. Jason Wright,2024-02-12 04:40:22
399,Brian Murphy,2023-03-08 06:07:35
400,Scott Hunt,2022-12-13 13:15:01
401,Toni Sanchez,2023-02-13 07:37:18
402,Tina Keith,2024-08-06 15:55:29
403,Angela Roy,2024-06-19 17:17:25
404,Ryan Moore,2024-06-01 18:00:51
405,Brandon Coleman,2024-03-30 11:38:29
406,Brittany Lee,2022-05-03 04:54:46
407,Michael Holden,2024-03-23 12:47:10
408,Brittany Pollard,2024-04-15 01:21:54
409,Jacqueline Church,2023-11-15 14:38:49
410,Anthony Wood,2023-02-01 15:14:26
411,Hunter Ross,2022-12-23 08:39:32
412,Jordan Martin,2023-10-24 12:48:23
413,Erin Alvarez,2024-03-12 11:50:49
414,Christine Garcia,2022-06-05 03:22:11
415,Michael Rodriguez,2022-06-09 22:50:13
416,Brittney Finley,2023-06-09 08:17:03
417,Susan Sellers,2023-12-17 15:52:27
418,Justin Johnson,2022-07-08 10:50:22
419,Stephanie Wilson,2022-12-02 19:15:31
420,Jamie Little,2023-09-25 18:24:04
421,Robert Everett,2024-09-15 15:07:25
422,Susan Crawford,2022-04-16 01:39:59
423,Karen Lucero,2022-05-29 08:13:00
424,Brian Roberts,2023-05-07 12:38:44
425,Tabitha Bishop,2024-04-04 20:38:02
426,Bruce Everett,2023-12-17 04:59:00
427,Michael Ferguson,2024-02-01 03:37:22
428,Roger Butler,2022-11-14 04:32:47
429,Cameron Moore,2024-04-11 11:43:50
430,Jeffrey Rowe,2022-12-30 01:58:42
431,Edward Hill,2024-07-17 16:40:42
432,Samantha Leblanc,2022-07-06 05:40:35
433,Lisa Benitez,2023-06-01 18:09:58
434,Kristen Richardson,2022-07-24 01:26:10
435,Amy Brown,2022-10-20 01:56:44
436,David Gutierrez,2024-07-21 23:43:02
437,Christopher Ross,2024-05-18 10:26:39
438,Christina Cisneros,2024-08-25 00:50:52
439,David Davis,2022-10-11 18:07:56
440,Glen Howe,2022-12-01 07:36:31
441,Christopher Robinson,2023-06-03 21:32:34
442,Gloria Lopez,2022-09-13 03:31:14
443,Patrick Baker,2023-05-21 09:56:24
444,Jeffrey Ali,2023-09-27 21:02:37
445,Joshua Brown,2022-06-13 20:57:47
446,Nicole Johnson,2023-02-10 19:28:30
447,Anthony Steele,2023-12-16 09:31:11
448,Matthew Buchanan,2023-09-30 02:51:31
449,Michael Kennedy,2024-09-12 12:37:27
450,Mrs. Erin Rodriguez,2022-07-20 18:09:47
451,Dr. Ian Moss Jr.,2024-05-23 20:08:10
452,Paul Phillips,2023-11-03 04:03:58
453,Laurie Reid,2023-05-01 13:32:47
454,Eric Holmes,2022-05-18 05:20:22
455,Samantha Watkins,2024-04-27 00:53:44
456,Scott Davis,2024-04-07 04:38:27
457,Tracie Fischer,2023-05-28 16:26:31
458,Mary Stafford,2022-08-18 14:54:54
459,Caleb Oliver,2022-07-26 06:05:29
460,Amy Rangel,2023-08-31 03:01:05
461,Elizabeth Salinas,2022-09-14 02:09:48
462,William Nunez,2023-08-10 01:59:57
463,Allison Taylor,2023-07-09 21:34:59
464,Brittany Manning,2023-01-19 04:24:24
465,Robin Ellis,2023-01-03 05:46:36
466,Charles Pena,2024-06-09 16:57:07
467,Kelsey Harris,2023-12-02 07:10:00
468,Javier Lee,2023-12-27 14:23:27
469,Maria Murphy,2024-04-07 05:05:59
470,Melinda Burns,2023-03-08 06:00:25
471,Cody Knight,2022-09-19 17:17:40
472,Judith Warner,2023-02-20 10:33:29
473,Kristin Holloway,2024-01-23 01:30:47
474,Michael Cox,2022-11-06 22:18:44
475,Christy Smith,2023-09-04 01:47:07
476,Felicia Mosley,2022-04-27 14:00:56
477,Kimberly Holmes,2022-10-15 13:05:17
478,James Johnson,2022-12-22 13:41:00
479,Bianca Wang,2022-05-03 10:33:05
480,Nicholas Cooper,2024-02-13 11:33:11
481,Chad Hancock,2023-11-15 03:51:53
482,Amy Garcia,2024-04-07 16:01:48
483,Colleen Manning,2022-05-05 06:56:35
484,Shelly Davis,2022-05-09 21:29:15
485,Andrea Castillo,2022-11-21 15:44:27
486,Michael Armstrong,2023-12-26 00:29:34
487,Elizabeth Hunt,2022-09-28 05:29:04
488,Pamela Chavez,2024-03-20 15:39:05
489,Erin Foster,2023-12-18 16:03:49
490,Jason Coleman,2023-07-15 00:36:59
491,Mark Warren,2022-04-24 20:03:36
492,Kristi Rollins,2023-03-24 16:33:28
493,Samantha Kim,2023-07-12 15:26:32
494,Sean Flores,2024-03-02 17:05:11
495,David Anderson,2023-07-19 16:33:15
496,Kylie Hurley,2024-06-03 12:43:10
497,Hannah Pope,2023-02-26 15:51:54
498,Samuel Davis,2024-01-17 22:28:04
499,Lori Valenzuela,2023-03-02 02:42:08
500,Sarah Greene,2023-12-20 14:40:50
